Workbook
Name _B1: '[1]252K444'!$H$21
Name _B2: '[1]252K444'!$J$21
Name _BL1: '[1]252K444'!$J$23
Name _BL2: '[1]252K444'!$D$24
Name _BL3: '[1]252K444'!$F$24
Name _BL4: '[1]252K444'!$H$24
Name _Bu1: #REF!
Name _Bu1: #REF!
Name _Bu2: #REF!
Name _Bu2: #REF!
Name _C: '[1]252K444'!$D$22
Name _E1: '[1]252K444'!$H$22
Name _E2: '[1]252K444'!$J$22
Name _Fu1: #REF!
Name _Fu1: #REF!
Name _Fu2: #REF!
Name _Fu2: #REF!
Name _H1: '[1]252K444'!$D$23
Name _H2: '[1]252K444'!$F$23
Name _H3: '[1]252K444'!$H$23
Name _Hg1: #REF!
Name _Hg1: #REF!
Name _Hg2: #REF!
Name _Hg2: #REF!
Name _hun1: [2]설계조건!#REF!
Name _hun1: [2]설계조건!#REF!
Name _hun2: [2]설계조건!#REF!
Name _hun2: [2]설계조건!#REF!
Name _Lg1: #REF!
Name _Lg1: #REF!
Name _Lg2: #REF!
Name _Lg2: #REF!
Name _pa1: #REF!
Name _pa1: #REF!
Name _pa2: #REF!
Name _pa2: #REF!
Name _qs1: [2]설계조건!#REF!
Name _qs1: [2]설계조건!#REF!
Name _qs12: [2]설계조건!#REF!
Name _qs12: [2]설계조건!#REF!
Name _qs2: [2]설계조건!#REF!
Name _qs2: [2]설계조건!#REF!
Name _qs22: [2]설계조건!#REF!
Name _qs22: [2]설계조건!#REF!
Name _T1: '[4]날개벽(좌,우=60도-4개)'!#REF!
Name _T1: '[4]날개벽(좌,우=60도-4개)'!#REF!
Name _T2: '[4]날개벽(좌,우=60도-4개)'!#REF!
Name _T2: '[4]날개벽(좌,우=60도-4개)'!#REF!
Name _Ted1: #REF!
Name _Ted1: #REF!
Name _Ts1: #REF!
Name _Ts1: #REF!
Name _Tu1: #REF!
Name _Tu1: #REF!
Name _Tu2: #REF!
Name _Tu2: #REF!
Name _wd1: [2]설계조건!#REF!
Name _wd1: [2]설계조건!#REF!
Name _wd2: [2]설계조건!#REF!
Name _wd2: [2]설계조건!#REF!

Sheet 공사갑지(총괄)
B1: 과 장 | D1: 팀 장 | F1: 심 사 자 | H1: 설 계 자 | J1: 설 계 | K1: 2020년 월 일 | L1: 결 재
J2: 심 사 | K2: 2020년 월 일 | L2: 월 일
B4: 설 계 내 역 서
C6: =+공종별집계표!A2 -> [ 업무시설 ]
C8: 구 분 | E8: 금 액 | K8: 비 고
C9: 총 공 사 비 | E9: =CONCATENATE(" 일금 ",NUMBERSTRING(I9,1),"원정") -> 일금 팔십억육천구백육십팔만구천원정 | I9: =ROUNDDOWN(I16,-3) -> 8069689000 | K9: 천원단위 절삭
C10: 도급비 | D10: 공 급 가 액 | E10: =CONCATENATE(" 일금 ",NUMBERSTRING(I10,1),"원정") -> 일금 칠십삼억삼천육백팔만일천이백칠십칠원정 | I10: =+'원가계산서 _조달청기준'!V33 -> 7336081277
D11: 부가가치세 | E11: =CONCATENATE(" 일금 ",NUMBERSTRING(I11,1),"원정") -> 일금 칠억삼천삼백육십만팔천일백이십칠원정 | I11: =+'원가계산서 _조달청기준'!V34 -> 733608127
D12: 분담금공사 | E12: =CONCATENATE(" 일금 ",NUMBERSTRING(I12,1),"원정") -> 일금 영원정 | I12: =+'원가계산서 _조달청기준'!V40 -> 0
D13: 하수분담금 | E13: =CONCATENATE(" 일금 ",NUMBERSTRING(I13,1),"원정") -> 일금 영원정 | I13: =+'원가계산서 _조달청기준'!V41 -> 0
D14: 전기사용전검사비 | E14: =CONCATENATE(" 일금 ",NUMBERSTRING(I14,1),"원정") -> 일금 영원정 | I14: =+'원가계산서 _조달청기준'!V43 -> 0
D15: 조달수수료 | E15: =CONCATENATE(" 일금 ",NUMBERSTRING(I15,1),"원정") -> 일금 영원정
D16: 계 | E16: =CONCATENATE(" 일금 ",NUMBERSTRING(I16,1),"원정") -> 일금 팔십억육천구백육십팔만구천사백사원정 | I16: =ROUNDDOWN(I11+I10+I12+I13+I14+I15,0) -> 8069689404
J21: =+I16-'원가계산서 _조달청기준'!V37 -> 0

Sheet 원가계산서 _조달청기준
B1: 공 사 원 가 계 산 서(건축) | Z1: 2020.09.08 공고분부터 적용
D2: =+공종별집계표!A2 -> [ 업무시설 ]
B3: 비 목 | E3: 합 계 | F3: 건축 | G3: 인테리어 | H3: 조경 | I3: 토목 | J3: 기계 | K3: 특수설비 | L3: 전기 | M3: 통신 | N3: 소방 | O3: 기계소방 | P3: 경관조명 | Q3: 구성비 | R3: 건축 | S3: 전기 | T3: 통신 | U3: 소방 | V3: 합계 | W3: 비 고
A4: A1 | B4: 순 공 사 원 가 | C4: 재 료 비 | D4: 직 접 재 료 비 | E4: =SUM(F4:P4) -> 2173427021 | F4: =+공종별집계표!F5 -> 2173427021 | V4: =SUM(F4:P4) -> 2173427021
A5: A2 | D5: 간 접 재 료 비 | E5: =SUM(F5:P5) -> 0 | V5: =SUM(F5:P5) -> 0
A6: A3 | D6: 작업설, 부산물(△) | E6: =SUM(F6:P6) -> 0 | V6: =SUM(F6:P6) -> 0
A7: AS | D7: [ 소 계 ] | E7: =SUM(F7:P7) -> 2173427021 | F7: =TRUNC(F4+F5-F6, 0) -> 2173427021 | G7: =TRUNC(G4+G5-G6, 0) -> 0 | H7: =TRUNC(H4+H5-H6, 0) -> 0 | I7: =TRUNC(I4+I5-I6, 0) -> 0 | J7: =TRUNC(J4+J5-J6, 0) -> 0 | K7: =TRUNC(K4+K5-K6, 0) -> 0 | L7: =TRUNC(L4+L5-L6, 0) -> 0 | M7: =TRUNC(M4+M5-M6, 0) -> 0 | ... P7: =TRUNC(P4+P5-P6, 0) -> 0 | V7: =SUM(F7:P7) -> 2173427021
A8: B1 | C8: 노 무 비 | D8: 직 접 노 무 비 | E8: =SUM(F8:P8) -> 2898047135 | F8: =+공종별집계표!H5 -> 2898047135 | V8: =SUM(F8:P8) -> 2898047135
A9: B2 | D9: 간 접 노 무 비 | E9: =SUM(F9:P9) -> 228945723 | F9: =TRUNC(F8*$R$9, 0) -> 228945723 | G9: =TRUNC(G8*$R$9, 0) -> 0 | H9: =TRUNC(H8*$R$9, 0) -> 0 | I9: =TRUNC(I8*$R$9, 0) -> 0 | J9: =TRUNC(J8*$R$9, 0) -> 0 | K9: =TRUNC(K8*$R$9, 0) -> 0 | L9: =TRUNC(L8*$S$9, 0) -> 0 | M9: =TRUNC(M8*$T$9, 0) -> 0 | N9: =TRUNC(N8*$U$9, 0) -> 0 | O9: =TRUNC(O8*$U$9, 0) -> 0 | P9: =TRUNC(P8*$U$9, 0) -> 0 | Q9: 직접노무비 | R9: 0.079 | S9: 0.073 | T9: 0.073 | U9: =+R9 -> 0.079 | V9: =SUM(F9:P9) -> 228945723
A10: BS | D10: [ 소 계 ] | E10: =SUM(F10:P10) -> 3126992858 | F10: =TRUNC(F8+F9, 0) -> 3126992858 | G10: =TRUNC(G8+G9, 0) -> 0 | H10: =TRUNC(H8+H9, 0) -> 0 | I10: =TRUNC(I8+I9, 0) -> 0 | J10: =TRUNC(J8+J9, 0) -> 0 | K10: =TRUNC(K8+K9, 0) -> 0 | L10: =TRUNC(L8+L9, 0) -> 0 | M10: =TRUNC(M8+M9, 0) -> 0 | ... P10: =TRUNC(P8+P9, 0) -> 0 | V10: =SUM(F10:P10) -> 3126992858
A11: C2 | C11: 경 비 | D11: 기 계 경 비 | E11: =SUM(F11:P11) -> 102238233 | F11: =+공종별집계표!J5 -> 102238233 | V11: =SUM(F11:P11) -> 102238233
A12: C4 | D12: 산 재 보 험 료 | E12: =SUM(F12:P12) -> 116636833 | F12: =TRUNC(F10*$R$12, 0) -> 116636833 | G12: =TRUNC(G10*$R$12, 0) -> 0 | H12: =TRUNC(H10*$R$12, 0) -> 0 | I12: =TRUNC(I10*$R$12, 0) -> 0 | J12: =TRUNC(J10*$R$12, 0) -> 0 | K12: =TRUNC(K10*$R$12, 0) -> 0 | L12: =TRUNC(L10*$S$12, 0) -> 0 | M12: =TRUNC(M10*$T$12, 0) -> 0 | N12: =TRUNC(N10*$U$12, 0) -> 0 | O12: =TRUNC(O10*$U$12, 0) -> 0 | P12: =TRUNC(P10*$U$12, 0) -> 0 | Q12: 노무비 | R12: 0.0373 | S12: 0.0373 | T12: 0.0373 | U12: =+R12 -> 0.0373 | V12: =SUM(F12:P12) -> 116636833 | W12: 모듡 건설공사에 적용
A13: C5 | D13: 고 용 보 험 료 | E13: =SUM(F13:P13) -> 27204837 | F13: =TRUNC(F10*$R$13, 0) -> 27204837 | G13: =TRUNC(G10*$R$13, 0) -> 0 | H13: =TRUNC(H10*$R$13, 0) -> 0 | I13: =TRUNC(I10*$R$13, 0) -> 0 | J13: =TRUNC(J10*$R$13, 0) -> 0 | K13: =TRUNC(K10*$R$13, 0) -> 0 | L13: =TRUNC(L10*$S$13, 0) -> 0 | M13: =TRUNC(M10*$T$13, 0) -> 0 | N13: =TRUNC(N10*$U$13, 0) -> 0 | O13: =TRUNC(O10*$U$13, 0) -> 0 | P13: =TRUNC(P10*$U$13, 0) -> 0 | Q13: 노무비 | R13: 0.0087 | S13: 0.0092 | T13: 0.0092 | U13: =+R13 -> 0.0087 | V13: =SUM(F13:P13) -> 27204837 | W13: 모든 건설공사에 적용
A14: C6 | D14: 국민 건강 보험료 | E14: =SUM(F14:P14) -> 96649871 | F14: =TRUNC(F8*$R$14, 0) -> 96649871 | G14: =TRUNC(G8*$R$14, 0) -> 0 | H14: =TRUNC(H8*$R$14, 0) -> 0 | I14: =TRUNC(I8*$R$14, 0) -> 0 | J14: =TRUNC(J8*$R$14, 0) -> 0 | K14: =TRUNC(K8*$R$14, 0) -> 0 | L14: =TRUNC(L8*$S$14, 0) -> 0 | M14: =TRUNC(M8*$T$14, 0) -> 0 | N14: =TRUNC(N8*$U$14, 0) -> 0 | O14: =TRUNC(O8*$U$14, 0) -> 0 | P14: =TRUNC(P8*$U$14, 0) -> 0 | Q14: 직접노무비 | R14: 0.03335 | S14: 0.03335 | T14: 0.03335 | U14: =+R14 -> 0.03335 | V14: =SUM(F14:P14) -> 96649871 | W14: 1개월이상 모든공사 적용
A15: C7 | D15: 국민 연금 보험료 | E15: =SUM(F15:P15) -> 130412121 | F15: =TRUNC(F8*$R$15, 0) -> 130412121 | G15: =TRUNC(G8*$R$15, 0) -> 0 | H15: =TRUNC(H8*$R$15, 0) -> 0 | I15: =TRUNC(I8*$R$15, 0) -> 0 | J15: =TRUNC(J8*$R$15, 0) -> 0 | L15: =TRUNC(L8*$S$15, 0) -> 0 | M15: =TRUNC(M8*$T$15, 0) -> 0 | N15: =TRUNC(N8*$U$15, 0) -> 0 | O15: =TRUNC(O8*$U$15, 0) -> 0 | P15: =TRUNC(P8*$U$15, 0) -> 0 | Q15: 직접노무비 | R15: 0.045 | S15: 0.045 | T15: 0.045 | U15: =+R15 -> 0.045 | V15: =SUM(F15:P15) -> 130412121 | W15: 1개월이상 모든공사 적용
A16: CB | D16: 노인장기요양보험료 | E16: =SUM(F16:P16) -> 9906611 | F16: =TRUNC(F14*$R$16, 0) -> 9906611 | G16: =TRUNC(G14*$R$16, 0) -> 0 | H16: =TRUNC(H14*$R$16, 0) -> 0 | I16: =TRUNC(I14*$R$16, 0) -> 0 | J16: =TRUNC(J14*$R$16, 0) -> 0 | L16: =TRUNC(L14*$S$16, 0) -> 0 | M16: =TRUNC(M14*$T$16, 0) -> 0 | N16: =TRUNC(N14*$U$16, 0) -> 0 | O16: =TRUNC(O14*$U$16, 0) -> 0 | P16: =TRUNC(P14*$U$16, 0) -> 0 | Q16: 건강보험료 | R16: 0.1025 | S16: 0.1025 | T16: 0.1025 | U16: =+R16 -> 0.1025 | V16: =SUM(F16:P16) -> 9906611 | W16: 1개월이상 모든공사 적용
A17: C8 | D17: 퇴직 공제 부금비 | E17: =SUM(F17:P17) -> 66655084 | F17: =TRUNC(F8*$R$17, 0) -> 66655084 | G17: =TRUNC(G8*$R$17, 0) -> 0 | H17: =TRUNC(H8*$R$17, 0) -> 0 | I17: =TRUNC(I8*$R$17, 0) -> 0 | J17: =TRUNC(J8*$R$17, 0) -> 0 | L17: =TRUNC(L8*$S$17, 0) -> 0 | M17: =TRUNC(M8*$T$17, 0) -> 0 | N17: =TRUNC(N8*$U$17, 0) -> 0 | O17: =TRUNC(O8*$U$17, 0) -> 0 | P17: =TRUNC(P8*$U$17, 0) -> 0 | Q17: 직접노무비 | R17: 0.023 | S17: 0.023 | T17: 0.023 | U17: =+R17 -> 0.023 | V17: =SUM(F17:P17) -> 66655084 | W17: 추정금액 1억원 이상 건설공사
A18: CA | D18: 산업안전보건관리비 | E18: =SUM(F18:P18) -> 94329419 | F18: =TRUNC((F7+F8)*$R$18, 0) -> 94329419 | G18: =TRUNC((G7+G8)*$R$18, 0) -> 0 | H18: =TRUNC((H7+H8)*$R$18, 0) -> 0 | I18: =TRUNC((I7+I8)*$R$18, 0) -> 0 | J18: =TRUNC((J7+J8)*$R$18, 0) -> 0 | L18: =TRUNC((L7+L8)*$S$18, 0) -> 0 | M18: =TRUNC((M7+M8)*$T$18, 0) -> 0 | N18: =TRUNC((N7+N8)*$U$18, 0) -> 0 | O18: =TRUNC((O7+O8+(O38)/1.1)*$U$18, 0) -> 0 | P18: =TRUNC((P7+P8+(P38)/1.1)*$S$18, 0) -> 0 | Q18: (재료+직노)*요율 | R18: 0.0186 | S18: 0.0197 | T18: 0.0197 | U18: =+R18 -> 0.0186 | V18: =SUM(F18:P18) -> 94329419 | W18: 총 공사금액 2천만원 이상 건설공사
A19: CH | D19: 환 경 보 전 비 | E19: =SUM(F19:P19) -> 25868561 | F19: =TRUNC((F7+F8+F11)*$R$19, 0) -> 25868561 | G19: =TRUNC((G7+G8+G11)*$R$19, 0) -> 0 | H19: =TRUNC((H7+H8+H11)*$R$19, 0) -> 0 | I19: =TRUNC((I7+I8+I11)*$R$19, 0) -> 0 | J19: =TRUNC((J7+J8+J11)*$R$19, 0) -> 0 | L19: =TRUNC((L7+L8+L11)*$S$19, 0) -> 0 | M19: =TRUNC((M7+M8+M11)*$T$19, 0) -> 0 | N19: =TRUNC((N7+N8+N11)*$U$19, 0) -> 0 | O19: =TRUNC((O7+O8+O11)*$S$19, 0) -> 0 | P19: =TRUNC((P7+P8+P11)*$S$19, 0) -> 0 | Q19: (재료+직노+기계경비) | R19: 0.005 | S19: 0 | T19: 0 | U19: 0 | V19: =SUM(F19:P19) -> 25868561 | W19: 전기,정보통신,소방시설, 문화재수리공사 제외
A20: CG | D20: 기 타 경 비 | E20: =SUM(F20:P20) -> 307424352 | F20: =TRUNC((F7+F10)*$R$20, 0) -> 307424352 | G20: =TRUNC((G7+G10)*$R$20, 0) -> 0 | H20: =TRUNC((H7+H10)*$R$20, 0) -> 0 | I20: =TRUNC((I7+I10)*$R$20, 0) -> 0 | J20: =TRUNC((J7+J10)*$R$20, 0) -> 0 | L20: =TRUNC((L7+L10)*$S$20, 0) -> 0 | M20: =TRUNC((M7+M10)*$T$20, 0) -> 0 | N20: =TRUNC((N7+N10)*$U$20, 0) -> 0 | O20: =TRUNC((O7+O10)*$U$20, 0) -> 0 | P20: =TRUNC((P7+P10)*$S$20, 0) -> 0 | Q20: (재료+노무비) | R20: 0.058 | S20: 0.084 | T20: 0.084 | U20: =+R20 -> 0.058 | V20: =SUM(F20:P20) -> 307424352
A21: CJ | D21: 공사이행보증수수료 | E21: =SUM(F21:P21) -> 0 | F21: =TRUNC((5600000+((F4+F8+F11)-14000000000)*0.0264%)*2)*0 -> 0 | G21: =TRUNC((5600000+((G4+G8+G11)-14000000000)*0.0264%)*2)*0 -> 0 | I21: =TRUNC((5600000+((I4+I8+I11)-14000000000)*0.0264%)*2)*0 -> 0 | J21: =TRUNC((5600000+((J4+J8+J11)-14000000000)*0.0264%)*2)*0 -> 0 | L21: =TRUNC((5600000+((L4+L8+L11)-14000000000)*0.0264%)*2)*0 -> 0 | Q21: [5.6백만원+(직접공사비-140억원) x 0.0264%] x 공기(년) | V21: =SUM(F21:P21) -> 0
A22: CK | D22: 하도급지급보증수수료 | E22: =SUM(F22:P22) -> 4190707 | F22: =TRUNC((F7+F8+F11)*$R$22, 0) -> 4190707 | G22: =TRUNC((G7+G8+G11)*$R$22, 0) -> 0 | H22: =TRUNC((H7+H8+H11)*$R$22, 0) -> 0 | I22: =TRUNC((I7+I8+I11)*$R$22, 0) -> 0 | J22: =TRUNC((J7+J8+J11)*$R$22, 0) -> 0 | L22: =TRUNC((L7+L8+L11)*$S$22, 0) -> 0 | M22: =TRUNC((M7+M8+M11)*$T$22, 0) -> 0 | N22: =TRUNC((N7+N8+N11)*$U$22, 0) -> 0 | O22: =TRUNC((O7+O8+O11)*$S$22, 0) -> 0 | P22: =TRUNC((P7+P8+P11)*$S$22, 0) -> 0 | Q22: (재료+직노+기계경비) | R22: 0.00081 | S22: 0 | T22: 0 | U22: 0 | V22: =SUM(F22:P22) -> 4190707
D23: 건설기계대여금지급보증수수료 | F23: =TRUNC((F7+F8+F11)*$R$23, 0) -> 3621598 | G23: =TRUNC((G7+G8+G11)*$R$23, 0) -> 0 | H23: =TRUNC((H7+H8+H11)*$R$23, 0) -> 0 | I23: =TRUNC((I7+I8+I11)*$R$23, 0) -> 0 | J23: =TRUNC((J7+J8+J11)*$R$23, 0) -> 0 | Q23: (재료+직노+기계경비) | R23: 0.0007 | S23: 0 | T23: 0 | U23: 0 | V23: =SUM(F23:P23) -> 3621598 | W23: 문화재 수리공사,전기,정보통신,소방시설 제외
A24: CS | D24: [ 소 계 ] | E24: =SUM(F24:P24) -> 985138227 | F24: =+SUM(F11:F23) -> 985138227 | G24: =+SUM(G11:G23) -> 0 | H24: =+SUM(H11:H23) -> 0 | I24: =+SUM(I11:I23) -> 0 | J24: =+SUM(J11:J23) -> 0 | K24: =TRUNC(K11+K12+K13+K14+K15+K17+K18+K16+K20+K19+K21+K22, 0) -> 0 | L24: =+SUM(L11:L23) -> 0 | M24: =+SUM(M11:M23) -> 0 | N24: =+SUM(N11:N23) -> 0 | O24: =TRUNC(O11+O12+O13+O14+O15+O17+O18+O16+O20+O19+O21+O22, 0) -> 0 | P24: =TRUNC(P11+P12+P13+P14+P15+P17+P18+P16+P20+P19+P21+P22, 0) -> 0 | V24: =SUM(F24:P24) -> 985138227
A25: S1 | B25: 계 | E25: =SUM(F25:P25) -> 6285558106 | F25: =TRUNC(F7+F10+F24, 0) -> 6285558106 | G25: =TRUNC(G7+G10+G24, 0) -> 0 | H25: =TRUNC(H7+H10+H24, 0) -> 0 | I25: =TRUNC(I7+I10+I24, 0) -> 0 | J25: =TRUNC(J7+J10+J24, 0) -> 0 | K25: =TRUNC(K7+K10+K24, 0) -> 0 | L25: =TRUNC(L7+L10+L24, 0) -> 0 | M25: =TRUNC(M7+M10+M24, 0) -> 0 | ... P25: =TRUNC(P7+P10+P24, 0) -> 0 | V25: =SUM(F25:P25) -> 6285558106
A26: D1 | B26: 일 반 관 리 비 | E26: =SUM(F26:P26) -> 377133486 | F26: =TRUNC(F25*$R$26, 0) -> 377133486 | G26: =TRUNC(G25*$R$26, 0) -> 0 | H26: =TRUNC(H25*$R$26, 0) -> 0 | I26: =TRUNC(I25*$R$26, 0) -> 0 | J26: =TRUNC(J25*$R$26, 0) -> 0 | K26: =TRUNC(K25*$R$26, 0) -> 0 | L26: =TRUNC(L25*$S$26, 0) -> 0 | M26: =TRUNC(M25*$S$26, 0) -> 0 | N26: =TRUNC(N25*$U$26, 0) -> 0 | O26: =TRUNC(O25*$U$26, 0) -> 0 | P26: =TRUNC(P25*$S$26, 0) -> 0 | Q26: 계 | R26: 0.06 | S26: 0.05 | T26: 0.05 | U26: =+R26 -> 0.06 | V26: =SUM(F26:P26) -> 377133486
A27: D2 | B27: 이 윤 | E27: =SUM(F27:P27) -> 673389685 | F27: =TRUNC((F10+F24+F26)*$R$27, 0) -> 673389685 | G27: =TRUNC((G10+G24+G26)*$R$27, 0) -> 0 | H27: =TRUNC((H10+H24+H26)*$R$27, 0) -> 0 | I27: =TRUNC((I10+I24+I26)*$R$27, 0) -> 0 | J27: =TRUNC((J10+J24+J26)*$R$27, 0) -> 0 | K27: =TRUNC((K10+K24+K26)*$R$27, 0) -> 0 | L27: =TRUNC((L10+L24+L26)*$S$27, 0) -> 0 | M27: =TRUNC((M10+M24+M26)*$T$27, 0) -> 0 | N27: =TRUNC((N10+N24+N26)*$U$27, 0) -> 0 | O27: =TRUNC((O10+O24+O26)*$U$27, 0) -> 0 | P27: =TRUNC((P10+P24+P26)*$S$27, 0) -> 0 | Q27: (노무+경비+일반관리) | R27: 0.15 | S27: 0.12 | T27: 0.12 | U27: =+R27 -> 0.15 | V27: =SUM(F27:P27) -> 673389685
A28: D3 | B28: 폐기물 처리비 | E28: =SUM(F28:P28) -> 0 | V28: =SUM(F28:P28) -> 0
A29: D6 | B29: 한 전 불 입 금 | E29: =SUM(F29:P29) -> 0 | V29: =SUM(F29:P29) -> 0
B30: 사 용 전 검 사 비 | E30: =SUM(F30:P30) -> 0 | V30: =SUM(F30:P30) -> 0
B31: T.A.B 공사 | V31: =SUM(F31:P31) -> 0
A32: D6 | B32: 지역난방인입분담금 | E32: =SUM(F32:P32) -> 0 | V32: =SUM(F32:P32) -> 0
A33: D9 | B33: 공 급 가 액 | E33: =SUM(F33:P33) -> 7336081277 | F33: =+ROUNDDOWN((F25+F26+F27+F28+F29+F30+F32),0) -> 7336081277 | H33: =+ROUNDDOWN((H25+H26+H27+H28+H29+H30+H32),0) -> 0 | I33: =+ROUNDDOWN((I25+I26+I27+I28+I29+I30+I32),0) -> 0 | J33: =+ROUNDDOWN((J25+J26+J27+J28+J29+J30+J32),0) -> 0 | K33: =+ROUNDDOWN((K25+K26+K27+K28+K29+K30+K32),-4) -> 0 | L33: =+ROUNDDOWN((L25+L26+L27+L28+L29+L30+L32),0) -> 0 | M33: =+ROUNDDOWN((M25+M26+M27+M28+M29+M30+M32),0)-0 -> 0 | N33: =+ROUNDDOWN((N25+N26+N27+N28+N29+N30+N32),0) -> 0 | O33: =+ROUNDDOWN((O25+O26+O27+O28+O29+O30+O32),-4) -> 0 | P33: =+ROUNDDOWN((P25+P26+P27+P28+P29+P30+P32),-4) -> 0 | V33: =SUM(F33:P33) -> 7336081277
A34: DB | B34: 부 가 가 치 세 | E34: =SUM(F34:P34) -> 733608127 | F34: =TRUNC(F33*$S$34, 0) -> 733608127 | G34: =TRUNC(G33*$R$34, 0) -> 0 | H34: =TRUNC(H33*$S$34, 0) -> 0 | I34: =TRUNC(I33*$S$34, 0) -> 0 | J34: =TRUNC(J33*$S$34, 0) -> 0 | K34: =TRUNC(K33*$R$34, 0) -> 0 | L34: =TRUNC(L33*$S$34, 0) -> 0 | M34: =TRUNC(M33*$S$34, 0) -> 0 | N34: =TRUNC(N33*$S$34, 0) -> 0 | O34: =TRUNC(O33*$S$34, 0) -> 0 | P34: =TRUNC(P33*$S$34, 0) -> 0 | Q34: 공급가액 | R34: 0.1 | S34: 0.1 | T34: 0.1 | U34: 0.1 | V34: =SUM(F34:P34) -> 733608127
B35: 매 입 세 | F35: =+F4*R35*W35 -> 0 | I35: =+I4*R35*W35 -> 0 | J35: =+J4*R35*W35 -> 0 | L35: =+L4*S35*W35 -> 0 | M35: =+M4*T35*W35 -> 0 | N35: =+N4*U35*W35 -> 0 | Q35: 직접재료비 | R35: 0.1 | S35: 0.1 | T35: 0.1 | U35: 0.1 | V35: =SUM(F35:P35) -> 0 | W35: 0
A36: D6 | B36: 한 전 불 입 금 | E36: =SUM(F36:P36) -> 0 | V36: =SUM(F36:P36) -> 0
A37: DH | B37: 도 급 액 | E37: =SUM(F37:P37) -> 8069689404 | F37: =TRUNC(F33+F34+F35+F36, 0) -> 8069689404 | G37: =TRUNC(G33+G34, 0) -> 0 | H37: =TRUNC(H33+H34, 0) -> 0 | I37: =TRUNC(I33+I34+I35+I36, 0) -> 0 | J37: =TRUNC(J33+J34+J35+J36, 0) -> 0 | K37: =TRUNC(K33+K34, 0) -> 0 | L37: =TRUNC(L33+L34+L35+L36, 0) -> 0 | M37: =TRUNC(M33+M34+M35+M36, 0) -> 0 | N37: =TRUNC(N33+N34+N35+N36, 0) -> 0 | O37: =TRUNC(O33+O34, 0) -> 0 | P37: =TRUNC(P33+P34, 0) -> 0 | V37: =SUM(F37:P37) -> 8069689404
A38: DJ | B38: 도급자 관급자재비 | E38: =SUM(F38:P38) -> 0 | V38: =SUM(F38:P38) -> 0
B39: 관급자 관급자재비 | E39: =SUM(F39:P39) -> 0 | V39: =SUM(F39:P39) -> 0
A40: DN | B40: 분 담 금 공 사 | E40: =SUM(F40:P40) -> 0 | V40: =SUM(F40:P40) -> 0
A41: DP | B41: 하 수 분 담 금 | E41: =SUM(F41:P41) -> 0 | V41: =SUM(F41:P41) -> 0
A42: DE | B42: 한전표준공사비 | V42: =SUM(F42:P42) -> 0
A43: DF | B43: 전기사용전검사비 | V43: =SUM(F43:P43) -> 0
A44: S2 | B44: 총 공 사 비 | E44: 16501674000 | F44: =ROUNDDOWN(F38+F39+F40+F41+F42+F43+F37,-3) -> 8069689000 | G44: =+G38+G39+G40+G41+G42+G43+G37 -> 0 | H44: =+H38+H39+H40+H41+H42+H43+H37 -> 0 | I44: =+I38+I39+I40+I41+I42+I43+I37 -> 0 | J44: =+J38+J39+J40+J41+J42+J43+J37 -> 0 | K44: 0 | L44: =+L38+L39+L40+L41+L42+L43+L37 -> 0 | M44: =+M38+M39+M40+M41+M42+M43+M37 -> 0 | N44: =+N38+N39+N40+N41+N42+N43+N37 -> 0 | O44: 0 | P44: 0 | V44: =ROUNDDOWN(V38+V39+V40+V41+V42+V43+V37,-3) -> 8069689000 | W44: 천원단위 절삭

Sheet 개요
C1: 기준 | D1: 변경 | E1: 수량입력 | X1: 연면적 | Y1: 감리,감독 | Z1: 수급자 | AA1: 창고
A2: 대지면적 | C2: 1039 | D2: 1039 | R2: 공종별 내역서에서 공통가설과 연관 - I7, I8, I9 | X2: 100000000 | Y2: 80 | Z2: 100 | AA2: 180
A3: 대지둘레 | C3: 129 | D3: =+D2*12.42% -> 129.0438 | E3: 대지면적의 12.42% 적용(임의계산) | X3: 6000 | Y3: 46 | Z3: 60 | AA3: 130
A4: 건축면적 | C4: 615.54 | D4: =+D2*D8 -> 615.5036 | E4: 대지면적 * 건폐율 | S4: 1000M2이하 | T4: 3000M2이하 | U4: 6000M2이하 | V4: 6000M2초과 | X4: 3000 | Y4: 38 | Z4: 50 | AA4: 100
A5: 건물높이 | C5: 43.7 | D5: =+D4/D3*10 -> 47.697262 | E5: 건축면적/대지둘레(가중평균높이로 계산) | R5: 감리,감독 | S5: 18 | T5: 38 | U5: 46 | V5: 80 | X5: 1000 | Y5: 18 | Z5: 24 | AA5: 70
A6: 건물층수 | C6: 8 | D6: =+(D9*D2)/D4 -> 5.8492573 | E6: 용적율*대지면적 / 건축면적 (층변화없이 올라갈경우 - 지하층제외) | R6: 수급자 | S6: 24 | T6: 50 | U6: 60 | V6: 100
A7: 지역 및 지구 | C7: 준공업지역 | D7: 준공업지역 | R7: 창고 | S7: 70 | T7: 100 | U7: 130 | V7: 180
A8: 건폐율 | C8: 0.5924 | D8: 0.5924
A9: 용적율 | C9: 3.4651 | D9: 3.4651
A10: 연면적 | B10: 지하 | C10: =873.26+864.61 -> 1737.87 | D10: 1737.87
B11: 지상 | C11: =+C12-C10 -> 3652.61 | D11: =+D9*D2 -> 3600.2389 | E11: 대지면적 * 용적율
B12: 합계 | C12: 5390.48 | D12: =+D11+D10 -> 5338.1089
A13: 건물둘레 | C13: =+C4*16.9% -> 104.02626 | D13: =+D4*16.9% -> 104.02011 | E13: 건축면적의 16.9% 적용(임의계산)
A14: 옥탑면적 | C14: =7.3*9.3 -> 67.89 | D14: =0.125*D4 -> 76.93795 | E14: 옥탑면적은 건축면적의 1/8을 초과할수 없다
A15: 옥탑둘레 | C15: =+C11*1.11% -> 40.543971 | D15: =+D14*43.15% -> 33.198725 | E15: 옥탑면적의 43.15% 적용(임의계산)
A16: 지하둘레 | C16: =+C10*6.84% -> 118.87031 | D16: =+C16 -> 118.87031 | E16: 지하연면적의 6.84% 적용(임의계산)
A17: 외벽면적 | D17: =+D13*(E28*F28+E29*F29+E30*F30)/1000 +D15*E31*F31/1000 -> 4100.4984 | E17: =건물둘레*(지상 각층의 층고*수량)/1000+옥탑둘레*옥탑층의 층고*수량)/1000
A18: 외벽재료비율 | C18: 창호 | D18: 0.39
C19: 석재 | D19: 0.53
C20: 알루미늄쉬트 | D20: 0.08
C21: 합계 | D21: =+D18+D19+D20 -> 1
A22: 공기 | C22: 12 | D22: 12
A24: 층 | C24: 지하2층, 지상8층 | E24: (단위 : mm)
A25: 층고 | B25: 구분 | D25: 기준층고 | E25: 층고 | F25: 수량
B26: 지하 | C26: 최하층 | D26: 3200 | E26: 3200 | F26: 1
C27: 기준층 | D27: 3600 | E27: 3600 | F27: 1
B28: 지상 | C28: 1층 | D28: 6000 | E28: 6000 | F28: 1
C29: 2층 | D29: 5000 | E29: 5000 | F29: 1
C30: 기준층 | D30: 4500 | E30: 4500 | F30: 6
C31: 옥상층 | D31: 4450 | E31: 4450 | F31: 1
A32: 건물높이 | E32: =+E28*F28+E29*F29+E30*F30+E31*F31 -> 42450
F33: 5열과 비교하여 5열보다 높지 않게 정리
A34: 기본층고 | D34: (단위 : mm)
A35: 구분 | B35: 기준 | C35: 층고
A36: 업무시설 | B36: 3500 | C36: 3500
A37: 화장실 | B37: 3050 | C37: 3050
A38: 파라펫방수 | B38: 300 | C38: 300
A39: TOP SLAB 내림 | B39: 1000 | C39: 1000
A40: 화장실방수 | B40: 1200 | C40: 1200
A43: 지하/연면적 | B43: =$D$10 -> 1737.87 | C43: MAT기초 두께(mm) | D43: 1500 | E43: 합벽 여부( 0 or 1 ) | F43: 1 | G43: RAMP 여부( 0 or 1 ) | H43: 1 | J43: 기본 스판 모듈(X/Y) | K43: 6 | L43: 10.2
B44: 레미콘(m3) | C44: 거푸집(m2) | D44: 철근(ton) | G44: 곡면 여부( 0 or 1 ) | H44: 1 | K44: 가로 | L44: 세로 | M44: 옹벽면적당(M3/M2) | N44: 옹벽면적당(M2/M2) | O44: 철근비
A45: 기초 | B45: =$A$77*$D$43/1000 -> 1303.4025 | C45: =(SQRT($A$77)+SQRT($A$77))*2*$D$43/1000 -> 176.86622 | D45: =B45*O45 -> 91.238175 | J45: 기초 | M45: 1.5 | O45: 0.07
A46: 기둥 | B46: =$K46*$L46*($E$26*$F$26+$E$27*$F$27)/1000*$B$43/($K43*$L43) -> 123.58187 | C46: =($K46+$L46)*2*($E$26*$F$26+$E$27*$F$27)/1000*$B$43/($K43*$L43) -> 617.90933 | D46: =B46*O46 -> 40.782016 | J46: 기둥 | K46: 0.8 | L46: 0.8 | O46: 0.33
A47: 보 | B47: =$K47*$L47*($K43*2+$L43)*$B$43/($K43*$L43) -> 176.51307 | C47: =$L47*2*($K43*2+$L43)*$B$43/($K43*$L43) -> 882.56535 | D47: =B47*O47 -> 44.128268 | J47: 보 | K47: 0.4 | L47: 0.7 | O47: 0.25
A48: 슬라브+계단 | B48: =$B$43*$M48 -> 347.574 | C48: =$B$43 -> 1737.87 | D48: =B48*O48 -> 33.01953 | J48: 슬라브 | M48: 0.2 | O48: 0.095
A49: 옹벽 | B49: =$B$43*$M49 -> 364.9527 | C49: =$B$43*$N49-($D$16*($E$26*$F$26+$E$27*$F$27)/1000*$F$43) -> 1798.4869 | D49: =B49*O49 -> 51.093378 | J49: 옹벽 | M49: 0.21 | N49: 1.5 | O49: 0.14
A50: 합계 | B50: =SUM(B45:B49) -> 2316.0241 | C50: =SUM(C45:C49) -> 5213.6978 | D50: =SUM(D45:D49) -> 260.26137 | J50: 버림(THK=60) | L50: 0.06 | M50: 잡석 | N50: 0.2
J51: 직경별 톤비중(%)
J52: H10 | K52: H13 | L52: H16 | M52: H19 | N52: H22
J53: 0.07 | K53: 0.27 | L53: 0.06 | M53: 0.05 | N53: 0.55
A54: 지하부 거푸집 정리
A55: 3회 | B55: =C47+C48-B57 -> 2411.891 | C55: 보+슬라브
A56: 4회 | B56: =C45 -> 176.86622 | C56: 기초
A57: 경사 | B57: =$C$48*0.12*$H$43 -> 208.5444 | C57: RAMP있을시(12%)
A58: 곡면 | B58: =$C$49*0.1*$H$44 -> 179.84869 | C58: 곡면있을시(10%)
A59: 유로폼 | B59: =C46+C49-(B58+B60) -> 1428.2295
A60: 합벽 | B60: =$D$16*($E$26*$F$26+$E$27*$F$27)/1000*$F$43 -> 808.31809
A64: 지상/연면적 | B64: =D11 -> 3600.2389 | J64: 기본 스판 모듈 | K64: 6 | L64: 10.2
B65: 레미콘(m3) | C65: 거푸집(m2) | D65: 철근(ton) | K65: 가로 | L65: 세로 | M65: THK | N65: 외벽 | O65: 철근비
A66: 기둥 | B66: =$K66*$L66*($E$26*$F$26+$E$27*$F$27)/1000*$B$64/($K64*$L64) -> 256.01699 | C66: =($K66+$L66)*2*($E$26*$F$26+$E$27*$F$27)/1000*$B$64/($K64*$L64) -> 1280.0849 | D66: =$B66*$O66 -> 64.004247 | J66: 기둥 | K66: 0.8 | L66: 0.8 | O66: 0.25
A67: 보 | B67: =$K67*$L67*($K64*2+$L64)*$B$64/($K64*$L64) -> 365.67132 | C67: =$L67*2*($K64*2+$L64)*$B$64/($K64*$L64) -> 1828.3566 | D67: =$B67*$O67 -> 109.7014 | J67: 보 | K67: 0.4 | L67: 0.7 | O67: 0.3
A68: 슬라브+계단 | B68: =$B$64*$M68 -> 720.04778 | C68: =$B$64 -> 3600.2389 | D68: =$B68*$O68 -> 68.404539 | J68: 슬라브 | M68: 0.2 | O68: 0.095
A69: 옹벽 | B69: =$B$64*$M69 -> 756.05017 | C69: =$B$64*$N69 -> 9000.5973 | D69: =$B69*$O69 -> 83.165519 | J69: 옹벽 | M69: 0.21 | N69: 2.5 | O69: 0.11
A70: 합계 | B70: =SUM(B66:B69) -> 2097.7863 | C70: =SUM(C66:C69) -> 15709.278 | D70: =SUM(D66:D69) -> 325.2757
J71: 직경별 톤비중(%)
J72: H10 | K72: H13 | L72: H16 | M72: H22
J73: 0.19 | K73: 0.31 | L73: 0.1 | M73: 0.4
A75: 동바리
A76: 층당면적 | D76: 강관(M2) | E76: 시스템(M3)
A77: =$D$10/($F$26+$F$27) -> 868.935 | B77: 0.9 | C77: 0.1 | D77: =IF($E26<=4200, $A77*$B$77*$F26,"") -> 782.0415 | E77: =IF($E26>4200, $A77*$E26*$B$77*$C$77/1000*$F26,"") | F77: ※ 지하연면적 / 층수
A78: =$D$10/($F$26+$F$27) -> 868.935 | D78: =IF($E27<=4200, $A78*$B$77*$F27,"") -> 782.0415 | E78: =IF($E27>4200, $A78*$E27*$B$77*$C$77/1000*$F27,"")
A79: =($D$11-$D$14)/($F$28+$F$29+$F$30) -> 440.41262 | D79: =IF($E28<=4200, $A79*$B$77*$F28,"") | E79: =IF($E28>4200, $A79*$E28*$B$77*$C$77/1000*$F28,"") -> 237.82281 | F79: ※ (지상연면적-옥탑) / 층수
A80: =($D$11-$D$14)/($F$28+$F$29+$F$30) -> 440.41262 | D80: =IF($E29<=4200, $A80*$B$77*$F29,"") | E80: =IF($E29>4200, $A80*$E29*$B$77*$C$77/1000*$F29,"") -> 198.18568
A81: =($D$11-$D$14)/($F$28+$F$29+$F$30) -> 440.41262 | D81: =IF($E30<=4200, $A81*$B$77*$F30,"") | E81: =IF($E30>4200, $A81*$E30*$B$77*$C$77/1000*$F30,"") -> 1070.2027
A82: =$D$14 -> 76.93795 | D82: =IF($E31<=4200, $A82*$B$77*$F31,"") | E82: =IF($E31>4200, $A82*$E31*$B$77*$C$77/1000*$F31,"") -> 30.813649 | F82: ※ 옥탑 면적 적용
A83: 합계 | D83: =SUM(D77:D82) -> 1564.083 | E83: =SUM(E77:E82) -> 1537.0248

Sheet 공종별집계표
A1: 공 종 별 집 계 표
A2: [ 업무시설 ]
A3: 품 명 | B3: 규 격 | C3: 단위 | D3: 수량 | E3: 재 료 비 | G3: 노 무 비 | I3: 경 비 | K3: 합 계 | M3: 평당공사비 | N3: 비 고 | O3: 공종코드 | P3: 변수 | Q3: 상위공종 | R3: 공종구분 | S3: 공종레벨 | T3: 공종소계 | U3: 원가계산서 연결금액
E4: 단 가 | F4: 금 액 | G4: 단 가 | H4: 금 액 | I4: 단 가 | J4: 금 액 | K4: 단 가 | L4: 금 액 | M4: =+개요!D12*0.3025 -> 1614.7779
A5: 01 업무시설 | D5: 1 | E5: =F6+F7+F8+F9+F10+F11+F12+F13+F14+F15+F16+F17+F18+F19+F20 -> 2173427021 | F5: =E5*D5 -> 2173427021 | G5: =H6+H7+H8+H9+H10+H11+H12+H13+H14+H15+H16+H17+H18+H19+H20 -> 2898047135 | H5: =G5*D5 -> 2898047135 | I5: =J6+J7+J8+J9+J10+J11+J12+J13+J14+J15+J16+J17+J18+J19+J20 -> 102238233 | J5: =I5*D5 -> 102238233 | K5: =E5+G5+I5 -> 5173712389 | L5: =F5+H5+J5 -> 5173712389 | M5: =+L5/$M$4 -> 3203977.6 | O5: 01 | S5: 1
A6: 0101 공통 가설 공사 | D6: 1 | E6: =공종별내역서!N27 -> 0 | F6: =E6*D6 -> 0 | G6: =공종별내역서!P27 -> 0 | H6: =G6*D6 -> 0 | I6: =공종별내역서!R27 -> 43147375 | J6: =I6*D6 -> 43147375 | K6: =E6+G6+I6 -> 43147375 | L6: =F6+H6+J6 -> 43147375 | M6: =+L6/$M$4 -> 26720.315 | O6: 0101 | Q6: 01 | S6: 2
A7: 0102 가 설 공 사 | D7: 1 | E7: =공종별내역서!N51 -> 135951033 | F7: =E7*D7 -> 135951033 | G7: =공종별내역서!P51 -> 457860157 | H7: =G7*D7 -> 457860157 | I7: =공종별내역서!R51 -> 9882876 | J7: =I7*D7 -> 9882876 | K7: =E7+G7+I7 -> 603694066 | L7: =F7+H7+J7 -> 603694066 | M7: =+L7/$M$4 -> 373855.78 | O7: 0102 | Q7: 01 | S7: 2
A8: 0103 철근콘크리트공사 | D8: 1 | E8: =공종별내역서!N99 -> 890257458 | F8: =E8*D8 -> 890257458 | G8: =공종별내역서!P99 -> 1271528867 | H8: =G8*D8 -> 1271528867 | I8: =공종별내역서!R99 -> 29266939 | J8: =I8*D8 -> 29266939 | K8: =E8+G8+I8 -> 2191053264 | L8: =F8+H8+J8 -> 2191053264 | M8: =+L8/$M$4 -> 1356875.9 | O8: 0103 | Q8: 01 | S8: 2
A9: 0104 조 적 공 사 | D9: 1 | E9: =공종별내역서!N123 -> 822880 | F9: =E9*D9 -> 822880 | G9: =공종별내역서!P123 -> 3976463 | H9: =G9*D9 -> 3976463 | I9: =공종별내역서!R123 -> 77392 | J9: =I9*D9 -> 77392 | K9: =E9+G9+I9 -> 4876735 | L9: =F9+H9+J9 -> 4876735 | M9: =+L9/$M$4 -> 3020.0654 | O9: 0104 | Q9: 01 | S9: 2
A10: 0105 석 공 사 | D10: 1 | E10: =공종별내역서!N145 -> 180151939 | F10: =E10*D10 -> 180151939 | G10: =공종별내역서!P145 -> 307357495 | H10: =G10*D10 -> 307357495 | I10: =공종별내역서!R145 -> 7395947 | J10: =I10*D10 -> 7395947 | K10: =E10+G10+I10 -> 494905381 | L10: =F10+H10+J10 -> 494905381 | M10: =+L10/$M$4 -> 306485.1 | O10: 0105 | Q10: 01 | S10: 2
A11: 0106 타 일 공 사 | D11: 1 | E11: =공종별내역서!N169 -> 13136238 | F11: =E11*D11 -> 13136238 | G11: =공종별내역서!P169 -> 63492571 | H11: =G11*D11 -> 63492571 | I11: =공종별내역서!R169 -> 1584139 | J11: =I11*D11 -> 1584139 | K11: =E11+G11+I11 -> 78212948 | L11: =F11+H11+J11 -> 78212948 | M11: =+L11/$M$4 -> 48435.73 | O11: 0106 | Q11: 01 | S11: 2
A12: 0107 방 수 공 사 | D12: 1 | E12: =공종별내역서!N193 -> 55824509 | F12: =E12*D12 -> 55824509 | G12: =공종별내역서!P193 -> 199187696 | H12: =G12*D12 -> 199187696 | I12: =공종별내역서!R193 -> 549382 | J12: =I12*D12 -> 549382 | K12: =E12+G12+I12 -> 255561587 | L12: =F12+H12+J12 -> 255561587 | M12: =+L12/$M$4 -> 158264.23 | O12: 0107 | Q12: 01 | S12: 2
A13: 0108 지붕및홈통공사 | D13: 1 | E13: =공종별내역서!N217 -> 826112 | F13: =E13*D13 -> 826112 | G13: =공종별내역서!P217 -> 603568 | H13: =G13*D13 -> 603568 | I13: =공종별내역서!R217 -> 0 | J13: =I13*D13 -> 0 | K13: =E13+G13+I13 -> 1429680 | L13: =F13+H13+J13 -> 1429680 | M13: =+L13/$M$4 -> 885.37251 | O13: 0108 | Q13: 01 | S13: 2
A14: 0109 금 속 공 사 | D14: 1 | E14: =공종별내역서!N241 -> 46891105 | F14: =E14*D14 -> 46891105 | G14: =공종별내역서!P241 -> 9604267 | H14: =G14*D14 -> 9604267 | I14: =공종별내역서!R241 -> 171290 | J14: =I14*D14 -> 171290 | K14: =E14+G14+I14 -> 56666662 | L14: =F14+H14+J14 -> 56666662 | M14: =+L14/$M$4 -> 35092.542 | O14: 0109 | Q14: 01 | S14: 2
A15: 0110 미 장 공 사 | D15: 1 | E15: =공종별내역서!N265 -> 0 | F15: =E15*D15 -> 0 | G15: =공종별내역서!P265 -> 145914867 | H15: =G15*D15 -> 145914867 | I15: =공종별내역서!R265 -> 2569173 | J15: =I15*D15 -> 2569173 | K15: =E15+G15+I15 -> 148484040 | L15: =F15+H15+J15 -> 148484040 | M15: =+L15/$M$4 -> 91953.225 | O15: 0110 | Q15: 01 | S15: 2
A16: 0111 창 호 공 사 | D16: 1 | E16: =공종별내역서!N289 -> 494767669 | F16: =E16*D16 -> 494767669 | G16: =공종별내역서!P289 -> 13273282 | H16: =G16*D16 -> 13273282 | I16: =공종별내역서!R289 -> 363419 | J16: =I16*D16 -> 363419 | K16: =E16+G16+I16 -> 508404370 | L16: =F16+H16+J16 -> 508404370 | M16: =+L16/$M$4 -> 314844.76 | O16: 0111 | Q16: 01 | S16: 2
A17: 0112 유 리 공 사 | D17: 1 | E17: =공종별내역서!N313 -> 117928098 | F17: =E17*D17 -> 117928098 | G17: =공종별내역서!P313 -> 79937436 | H17: =G17*D17 -> 79937436 | I17: =공종별내역서!R313 -> 0 | J17: =I17*D17 -> 0 | K17: =E17+G17+I17 -> 197865534 | L17: =F17+H17+J17 -> 197865534 | M17: =+L17/$M$4 -> 122534.21 | O17: 0112 | Q17: 01 | S17: 2
A18: 0113 도 장 공 사 | D18: 1 | E18: =공종별내역서!N337 -> 64872320 | F18: =E18*D18 -> 64872320 | G18: =공종별내역서!P337 -> 136479888 | H18: =G18*D18 -> 136479888 | I18: =공종별내역서!R337 -> 672000 | J18: =I18*D18 -> 672000 | K18: =E18+G18+I18 -> 202024208 | L18: =F18+H18+J18 -> 202024208 | M18: =+L18/$M$4 -> 125109.59 | O18: 0113 | Q18: 01 | S18: 2
A19: 0114 수 장 공 사 | D19: 1 | E19: =공종별내역서!N360 -> 152117603 | F19: =E19*D19 -> 152117603 | G19: =공종별내역서!P360 -> 208830578 | H19: =G19*D19 -> 208830578 | I19: =공종별내역서!R360 -> 2346381 | J19: =I19*D19 -> 2346381 | K19: =E19+G19+I19 -> 363294562 | L19: =F19+H19+J19 -> 363294562 | M19: =+L19/$M$4 -> 224981.13 | O19: 0114 | Q19: 01 | S19: 2
A20: 0115 골재비 및 운반비 | D20: 1 | E20: =공종별내역서!N384 -> 19880057 | F20: =E20*D20 -> 19880057 | G20: =공종별내역서!P384 -> 0 | H20: =G20*D20 -> 0 | I20: =공종별내역서!R384 -> 4211920 | J20: =I20*D20 -> 4211920 | K20: =E20+G20+I20 -> 24091977 | L20: =F20+H20+J20 -> 24091977 | M20: =+L20/$M$4 -> 14919.684 | O20: 0115 | Q20: 01 | S20: 2
A27: [ 합 계 ] | F27: =F5 -> 2173427021 | H27: =H5 -> 2898047135 | J27: =J5 -> 102238233 | L27: =L5 -> 5173712389 | M27: =+L27/$M$4 -> 3203977.6

Sheet 공종별내역서
I1: [ 업무시설 ] | BF1: 지하층 | BH1: 지상층
A2: 대분류 | B2: 중분류 | C2: 소분류 | D2: 층분류 | E2: 주요실 | F2: 수식관련 | I2: 품 명 | J2: 규 격 | K2: 단위 | L2: 수량 | M2: 재 료 비 | O2: 노 무 비 | Q2: 경 비 | S2: 합 계 | U2: 비 고 | V2: 품목코드 | W2: 변수 | X2: 설정 | Y2: 공종코드 | Z2: 일위 | AA2: 단산 | AB2: 자재 | AC2: 손료적용 | AD2: 손료저장 | AE2: 적용율 | AF2: JUK1 | AG2: JUK2 | AH2: JUK3 | AI2: JUK4 | AJ2: JUK5 | AK2: JUK6 | AL2: JUK7 | AM2: JUK8 | AN2: JUK9 | AO2: JUK10 | AP2: JUK11 | AQ2: JUK12 | AR2: JUK13 | AS2: JUK14 | AT2: JUK15 | AU2: JUK16 | AV2: JUK17 | AW2: JUK18 | AX2: JUK19 | AY2: JUK20 | AZ2: 자재구분 | BA2: 공종구분 | BB2: 공종레벨 | BC2: 공종+자재 | BD2: 고유번호 | BF2: 최하층 | BG2: 기준층 | BH2: 1층 | BI2: 2층 | BJ2: 기준층 | BK2: 옥탑층
M3: 단 가 | N3: 금 액 | O3: 단 가 | P3: 금 액 | Q3: 단 가 | R3: 금 액 | S3: 단 가 | T3: 금 액
A4: =+I4 -> 0101 공통 가설 공사 | I4: 0101 공통 가설 공사 | Y4: 0101
A5: =+A4 -> 0101 공통 가설 공사 | B5: 가설 | C5: 공통가설 | F5: 대지면적 | I5: 조립식가설울타리/E.G.I철판 | J5: H=2.4, 12개월 | K5: M | L5: =ROUNDUP(개요!D3,0) -> 130 | M5: =TRUNC(일위대가목록!E4,0) -> 0 | N5: =TRUNC(M5*L5, 0) -> 0 | O5: =TRUNC(일위대가목록!F4,0) -> 0 | P5: =TRUNC(O5*L5, 0) -> 0 | Q5: =TRUNC(일위대가목록!G4,0) -> 54703 | R5: =TRUNC(Q5*L5, 0) -> 7111390 | S5: =TRUNC(M5+O5+Q5, 0) -> 54703 | T5: =TRUNC(N5+P5+R5, 0) -> 7111390 | V5: 5A16950BD57D4F7AF3F35FA769ECF0 | Y5: 0101 | Z5: T | AA5: F | AB5: F | BC5: 01015A16950BD57D4F7AF3F35FA769ECF0 | BD5: 3
A6: =+A5 -> 0101 공통 가설 공사 | B6: 가설 | C6: 공통가설 | F6: 고정 | I6: 가설게이트 | K6: EA | L6: 1 | M6: =TRUNC(일위대가목록!E5,0) -> 0 | N6: =TRUNC(M6*L6, 0) -> 0 | O6: =TRUNC(일위대가목록!F5,0) -> 0 | P6: =TRUNC(O6*L6, 0) -> 0 | Q6: =TRUNC(일위대가목록!G5,0) -> 15269645 | R6: =TRUNC(Q6*L6, 0) -> 15269645 | S6: =TRUNC(M6+O6+Q6, 0) -> 15269645 | T6: =TRUNC(N6+P6+R6, 0) -> 15269645 | V6: 5A16950EA97B5424F3CC512B39781F | Y6: 0101 | Z6: T | AA6: F | AB6: F | BC6: 01015A16950EA97B5424F3CC512B39781F | BD6: 4
A7: =+A6 -> 0101 공통 가설 공사 | B7: 가설 | C7: 공통가설 | F7: 연면적 | I7: 조립식가설사무소/감리, 감독자 | J7: 12개월 | K7: M2 | L7: =+INDEX(개요!$Y$2:$AA$5,MATCH(개요!D12,개요!X2:X5,-1),1) -> 46 | M7: =TRUNC(일위대가목록!E6,0) -> 0 | N7: =TRUNC(M7*L7, 0) -> 0 | O7: =TRUNC(일위대가목록!F6,0) -> 0 | P7: =TRUNC(O7*L7, 0) -> 0 | Q7: =TRUNC(일위대가목록!G6,0) -> 101535 | R7: =TRUNC(Q7*L7, 0) -> 4670610 | S7: =TRUNC(M7+O7+Q7, 0) -> 101535 | T7: =TRUNC(N7+P7+R7, 0) -> 4670610 | V7: 5A169508017B584A431B5C2C79C741 | Y7: 0101 | Z7: T | AA7: F | AB7: F | BC7: 01015A169508017B584A431B5C2C79C741 | BD7: 8
A8: =+A7 -> 0101 공통 가설 공사 | B8: 가설 | C8: 공통가설 | F8: 연면적 | I8: 조립식가설사무소/수급자 | J8: 12개월 | K8: M2 | L8: =+INDEX(개요!$Y$2:$AA$5,MATCH(개요!D12,개요!X2:X5,-1),2) -> 60 | M8: =TRUNC(일위대가목록!E7,0) -> 0 | N8: =TRUNC(M8*L8, 0) -> 0 | O8: =TRUNC(일위대가목록!F7,0) -> 0 | P8: =TRUNC(O8*L8, 0) -> 0 | Q8: =TRUNC(일위대가목록!G7,0) -> 101535 | R8: =TRUNC(Q8*L8, 0) -> 6092100 | S8: =TRUNC(M8+O8+Q8, 0) -> 101535 | T8: =TRUNC(N8+P8+R8, 0) -> 6092100 | V8: 5A169508017B584A431B5C2C79C740 | Y8: 0101 | Z8: T | AA8: F | AB8: F | BC8: 01015A169508017B584A431B5C2C79C740 | BD8: 9
A9: =+A8 -> 0101 공통 가설 공사 | B9: 가설 | C9: 공통가설 | F9: 연면적 | I9: 조립식가설창고 | J9: 12개월 | K9: M2 | L9: =+INDEX(개요!$Y$2:$AA$5,MATCH(개요!D12,개요!X2:X5,-1),3) -> 130 | M9: =TRUNC(일위대가목록!E8,0) -> 0 | N9: =TRUNC(M9*L9, 0) -> 0 | O9: =TRUNC(일위대가목록!F8,0) -> 0 | P9: =TRUNC(O9*L9, 0) -> 0 | Q9: =TRUNC(일위대가목록!G8,0) -> 76951 | R9: =TRUNC(Q9*L9, 0) -> 10003630 | S9: =TRUNC(M9+O9+Q9, 0) -> 76951 | T9: =TRUNC(N9+P9+R9, 0) -> 10003630 | V9: 5A169508017B6AB4D35654021934CC | Y9: 0101 | Z9: T | AA9: F | AB9: F | BC9: 01015A169508017B6AB4D35654021934CC | BD9: 10
A10: =+A9 -> 0101 공통 가설 공사
A11: =+A10 -> 0101 공통 가설 공사
A12: =+A11 -> 0101 공통 가설 공사
A13: =+A12 -> 0101 공통 가설 공사
A14: =+A13 -> 0101 공통 가설 공사
A15: =+A14 -> 0101 공통 가설 공사
A16: =+A15 -> 0101 공통 가설 공사
A17: =+A16 -> 0101 공통 가설 공사
A18: =+A17 -> 0101 공통 가설 공사
A19: =+A18 -> 0101 공통 가설 공사
A20: =+A19 -> 0101 공통 가설 공사
A21: =+A20 -> 0101 공통 가설 공사
... A26: =+A25 -> 0101 공통 가설 공사
A27: =+A26 -> 0101 공통 가설 공사 | I27: [ 합 계 ] | N27: =SUM(N5:N26) -> 0 | P27: =SUM(P5:P26) -> 0 | R27: =SUM(R5:R26) -> 43147375 | T27: =SUM(T5:T26) -> 43147375 | V27: TOTAL
A28: =+I28 -> 0102 가 설 공 사 | I28: 0102 가 설 공 사 | Y28: 0102
A29: =+A28 -> 0102 가 설 공 사 | B29: 가설 | C29: 직접가설 | F29: 건축면적 | I29: 면적당규준틀 | K29: M2 | L29: =ROUNDUP(개요!D4,0) -> 616 | M29: =TRUNC(일위대가목록!E9,0) -> 584 | N29: =TRUNC(M29*L29, 0) -> 359744 | O29: =TRUNC(일위대가목록!F9,0) -> 6145 | P29: =TRUNC(O29*L29, 0) -> 3785320 | Q29: =TRUNC(일위대가목록!G9,0) -> 0 | R29: =TRUNC(Q29*L29, 0) -> 0 | S29: =TRUNC(M29+O29+Q29, 0) -> 6729 | T29: =TRUNC(N29+P29+R29, 0) -> 4145064 | V29: 5A16950BD779EAC343BE5B2FB9F77F | Y29: 0102 | Z29: T | AA29: F | AB29: F | BC29: 01025A16950BD779EAC343BE5B2FB9F77F | BD29: 12
A30: =+A29 -> 0102 가 설 공 사 | B30: 가설 | C30: 직접가설 | I30: 강관동바리 설치 및 해체 | J30: 4.2m 이하 | K30: M2 | L30: =개요!D83 -> 1564.083 | M30: =TRUNC(일위대가목록!E10,0) -> 1453 | N30: =TRUNC(M30*L30, 0) -> 2272612 | O30: =TRUNC(일위대가목록!F10,0) -> 14638 | P30: =TRUNC(O30*L30, 0) -> 22895046 | Q30: =TRUNC(일위대가목록!G10,0) -> 0 | R30: =TRUNC(Q30*L30, 0) -> 0 | S30: =TRUNC(M30+O30+Q30, 0) -> 16091 | T30: =TRUNC(N30+P30+R30, 0) -> 25167658 | V30: 5A16950BD779D84053F8599D2962C7 | Y30: 0102 | Z30: T | AA30: F | AB30: F | BC30: 01025A16950BD779D84053F8599D2962C7 | BD30: 13
A31: =+A30 -> 0102 가 설 공 사 | B31: 가설 | C31: 직접가설 | I31: 시스템동바리 설치 및 해체 | J31: 10m 이하 | K31: 10공M3 | L31: =개요!E83 -> 1537.0248 | M31: =TRUNC(일위대가목록!E11,0) -> 64927 | N31: =TRUNC(M31*L31, 0) -> 99794409 | O31: =TRUNC(일위대가목록!F11,0) -> 160307 | P31: =TRUNC(O31*L31, 0) -> 246395835 | Q31: =TRUNC(일위대가목록!G11,0) -> 6406 | R31: =TRUNC(Q31*L31, 0) -> 9846180 | S31: =TRUNC(M31+O31+Q31, 0) -> 231640 | T31: =TRUNC(N31+P31+R31, 0) -> 356036424 | V31: 5A16950BD779D852C3825C3B09B571 | Y31: 0102 | Z31: T | AA31: F | AB31: F | BC31: 01025A16950BD779D852C3825C3B09B571 | BD31: 14
A32: =+A31 -> 0102 가 설 공 사 | B32: 가설 | C32: 직접가설 | F32: 둘레 | G32: 층고 | I32: 시스템비계 설치 및 해체 | K32: M2 | L32: =ROUNDUP(개요!D13*개요!E28/1000*개요!F28+개요!D13*개요!E29/1000*개요!F29+개요!D13*개요!E30/1000*개요!F30+개요!D15*개요!E31/1000*개요!F31,0) -> 4101 | M32: =TRUNC(일위대가목록!E12,0) -> 7821 | N32: =TRUNC(M32*L32, 0) -> 32073921 | O32: =TRUNC(일위대가목록!F12,0) -> 10864 | P32: =TRUNC(O32*L32, 0) -> 44553264 | Q32: =TRUNC(일위대가목록!G12,0) -> 0 | R32: =TRUNC(Q32*L32, 0) -> 0 | S32: =TRUNC(M32+O32+Q32, 0) -> 18685 | T32: =TRUNC(N32+P32+R32, 0) -> 76627185 | V32: 5A16950BD779EADDD394526749C7D3 | Y32: 0102 | Z32: T | AA32: F | AB32: F | BC32: 01025A16950BD779EADDD394526749C7D3 | BD32: 15
A33: =+A32 -> 0102 가 설 공 사 | B33: 가설 | C33: 직접가설 | F33: 옥탑층고 | I33: 가설 계단 설치 및 해체 | K33: M2 | L33: =ROUNDUP((개요!E31/1000/0.3*0.9)+(1.8*5.4)*개요!F31,0) -> 24 | M33: =TRUNC(일위대가목록!E13,0) -> 7190 | N33: =TRUNC(M33*L33, 0) -> 172560 | O33: =TRUNC(일위대가목록!F13,0) -> 76460 | P33: =TRUNC(O33*L33, 0) -> 1835040 | Q33: =TRUNC(일위대가목록!G13,0) -> 1529 | R33: =TRUNC(Q33*L33, 0) -> 36696 | S33: =TRUNC(M33+O33+Q33, 0) -> 85179 | T33: =TRUNC(N33+P33+R33, 0) -> 2044296 | V33: 5A16950BD779EADD8316588FA97414 | Y33: 0102 | Z33: T | AA33: F | AB33: F | BC33: 01025A16950BD779EADD8316588FA97414 | BD33: 16
A34: =+A33 -> 0102 가 설 공 사 | B34: 가설 | C34: 직접가설 | F34: 지상연면적 | I34: 이동식강관밀비계 | J34: 높이 2m, 3개월 | K34: 대 | L34: =ROUNDUP(개요!D11/200,0) -> 19 | M34: =TRUNC(일위대가목록!E14,0) -> 12912 | N34: =TRUNC(M34*L34, 0) -> 245328 | O34: =TRUNC(일위대가목록!F14,0) -> 78672 | P34: =TRUNC(O34*L34, 0) -> 1494768 | Q34: =TRUNC(일위대가목록!G14,0) -> 0 | R34: =TRUNC(Q34*L34, 0) -> 0 | S34: =TRUNC(M34+O34+Q34, 0) -> 91584 | T34: =TRUNC(N34+P34+R34, 0) -> 1740096 | V34: 5A16950BD779EADDF3475041699AEA | Y34: 0102 | Z34: T | AA34: F | AB34: F | BC34: 01025A16950BD779EADDF3475041699AEA | BD34: 17
A35: =+A34 -> 0102 가 설 공 사 | B35: 가설 | C35: 직접가설 | F35: 지하연면적 | I35: 이동식강관밀비계 | J35: 높이 4m, 3개월 | K35: 대 | L35: =ROUNDUP(개요!D10/200,0) -> 9 | M35: =TRUNC(일위대가목록!E15,0) -> 20066 | N35: =TRUNC(M35*L35, 0) -> 180594 | O35: =TRUNC(일위대가목록!F15,0) -> 130469 | P35: =TRUNC(O35*L35, 0) -> 1174221 | Q35: =TRUNC(일위대가목록!G15,0) -> 0 | R35: =TRUNC(Q35*L35, 0) -> 0 | S35: =TRUNC(M35+O35+Q35, 0) -> 150535 | T35: =TRUNC(N35+P35+R35, 0) -> 1354815 | V35: 5A16950BD779EADDF347507EA939BB | Y35: 0102 | Z35: T | AA35: F | AB35: F | BC35: 01025A16950BD779EADDF347507EA939BB | BD35: 18
A36: =+A35 -> 0102 가 설 공 사 | B36: 가설 | C36: 직접가설 | F36: 건축면적 | G36: 연면적 | I36: 건축물보양 - 콘크리트 | J36: 살수 | K36: M2 | L36: =ROUNDUP(개요!D4+개요!D12,0) -> 5954 | M36: =TRUNC(일위대가목록!E16,0) -> 0 | N36: =TRUNC(M36*L36, 0) -> 0 | O36: =TRUNC(일위대가목록!F16,0) -> 555 | P36: =TRUNC(O36*L36, 0) -> 3304470 | Q36: =TRUNC(일위대가목록!G16,0) -> 0 | R36: =TRUNC(Q36*L36, 0) -> 0 | S36: =TRUNC(M36+O36+Q36, 0) -> 555 | T36: =TRUNC(N36+P36+R36, 0) -> 3304470 | V36: 5A16950EAA75748B13245FC1B98935 | Y36: 0102 | Z36: T | AA36: F | AB36: F | BC36: 01025A16950EAA75748B13245FC1B98935 | BD36: 19
A37: =+A36 -> 0102 가 설 공 사 | B37: 가설 | C37: 직접가설 | F37: 연면적 | I37: 건축물보양 - 석재면, 테라조면 | J37: 하드롱지 | K37: M2 | L37: =ROUNDUP(940*개요!D12/개요!C12,0) -> 931 | M37: =TRUNC(일위대가목록!E17,0) -> 915 | N37: =TRUNC(M37*L37, 0) -> 851865 | O37: =TRUNC(일위대가목록!F17,0) -> 1389 | P37: =TRUNC(O37*L37, 0) -> 1293159 | Q37: =TRUNC(일위대가목록!G17,0) -> 0 | R37: =TRUNC(Q37*L37, 0) -> 0 | S37: =TRUNC(M37+O37+Q37, 0) -> 2304 | T37: =TRUNC(N37+P37+R37, 0) -> 2145024 | V37: 5A16950EAA75748B23CD5D55F9C53E | Y37: 0102 | Z37: T | AA37: F | AB37: F | BC37: 01025A16950EAA75748B23CD5D55F9C53E | BD37: 20
A38: =+A37 -> 0102 가 설 공 사 | B38: 가설 | C38: 직접가설 | F38: 연면적 | I38: 건축물보양 - 타일 | J38: 톱밥 | K38: M2 | L38: =ROUNDUP(186*개요!D12/개요!C12,0) -> 185 | M38: =TRUNC(일위대가목록!E18,0) -> 0 | N38: =TRUNC(M38*L38, 0) -> 0 | O38: =TRUNC(일위대가목록!F18,0) -> 277 | P38: =TRUNC(O38*L38, 0) -> 51245 | Q38: =TRUNC(일위대가목록!G18,0) -> 0 | R38: =TRUNC(Q38*L38, 0) -> 0 | S38: =TRUNC(M38+O38+Q38, 0) -> 277 | T38: =TRUNC(N38+P38+R38, 0) -> 51245 | V38: 5A16950EAA75748B23CC5CD4790B74 | Y38: 0102 | Z38: T | AA38: F | AB38: F | BC38: 01025A16950EAA75748B23CC5CD4790B74 | BD38: 21
A39: =+A38 -> 0102 가 설 공 사 | B39: 가설 | C39: 직접가설 | F39: 연면적 | I39: 건축물 현장정리 | J39: 철근콘크리트조 | K39: M2 | L39: =ROUNDUP(개요!D12,0) -> 5339 | M39: =TRUNC(일위대가목록!E19,0) -> 0 | N39: =TRUNC(M39*L39, 0) -> 0 | O39: =TRUNC(일위대가목록!F19,0) -> 20848 | P39: =TRUNC(O39*L39, 0) -> 111307472 | Q39: =TRUNC(일위대가목록!G19,0) -> 0 | R39: =TRUNC(Q39*L39, 0) -> 0 | S39: =TRUNC(M39+O39+Q39, 0) -> 20848 | T39: =TRUNC(N39+P39+R39, 0) -> 111307472 | V39: 5A16950EA97B70F3D33B542E498E23 | Y39: 0102 | Z39: T | AA39: F | AB39: F | BC39: 01025A16950EA97B70F3D33B542E498E23 | BD39: 22
A40: =+A39 -> 0102 가 설 공 사 | B40: 가설 | C40: 직접가설 | F40: 연면적 | I40: 먹매김 | K40: M2 | L40: =ROUNDUP(개요!D12,0) -> 5339 | M40: =TRUNC(일위대가목록!E20,0) -> 0 | N40: =TRUNC(M40*L40, 0) -> 0 | O40: =TRUNC(일위대가목록!F20,0) -> 3703 | P40: =TRUNC(O40*L40, 0) -> 19770317 | Q40: =TRUNC(일위대가목록!G20,0) -> 0 | R40: =TRUNC(Q40*L40, 0) -> 0 | S40: =TRUNC(M40+O40+Q40, 0) -> 3703 | T40: =TRUNC(N40+P40+R40, 0) -> 19770317 | V40: 5A16950EAA7574B0731B5A3A99F539 | Y40: 0102 | Z40: T | AA40: F | AB40: F | BC40: 01025A16950EAA7574B0731B5A3A99F539 | BD40: 23
A41: =+A40 -> 0102 가 설 공 사
A42: =+A41 -> 0102 가 설 공 사
A43: =+A42 -> 0102 가 설 공 사
A44: =+A43 -> 0102 가 설 공 사
A45: =+A44 -> 0102 가 설 공 사
A46: =+A45 -> 0102 가 설 공 사
A47: =+A46 -> 0102 가 설 공 사
A48: =+A47 -> 0102 가 설 공 사
A49: =+A48 -> 0102 가 설 공 사
A50: =+A49 -> 0102 가 설 공 사
A51: =+A50 -> 0102 가 설 공 사 | I51: [ 합 계 ] | N51: =SUM(N29:N50) -> 135951033 | P51: =SUM(P29:P50) -> 457860157 | R51: =SUM(R29:R50) -> 9882876 | T51: =SUM(T29:T50) -> 603694066 | V51: TOTAL
A52: =+I52 -> 0103 철근콘크리트공사 | I52: 0103 철근콘크리트공사 | Y52: 0103
A53: =+A52 -> 0103 철근콘크리트공사 | I53: [ 지 하 공 사 ] | M53: =TRUNC(단가대비표!O259,0) -> 0 | N53: =TRUNC(M53*L53, 0) -> 0 | O53: =TRUNC(단가대비표!P259,0) -> 0 | P53: =TRUNC(O53*L53, 0) -> 0 | Q53: =TRUNC(단가대비표!V259,0) -> 0 | R53: =TRUNC(Q53*L53, 0) -> 0 | S53: =TRUNC(M53+O53+Q53, 0) -> 0 | T53: =TRUNC(N53+P53+R53, 0) -> 0 | V53: 5BAF05C80B7D34600311558D89C0FD472B9D17 | Y53: 0103 | Z53: F | AA53: F | AB53: T | BC53: 01035BAF05C80B7D34600311558D89C0FD472B9D17 | BD53: 27
A54: =+A53 -> 0103 철근콘크리트공사 | B54: 구조 | C54: 지하 | I54: 레미콘 - 서울 | J54: 25-18-08 | K54: M3 | L54: =개요!A77*개요!L50 -> 52.1361 | M54: =TRUNC(단가대비표!O60,0) -> 60984 | N54: =TRUNC(M54*L54, 0) -> 3179467 | O54: =TRUNC(단가대비표!P60,0) -> 0 | P54: =TRUNC(O54*L54, 0) -> 0 | Q54: =TRUNC(단가대비표!V60,0) -> 0 | R54: =TRUNC(Q54*L54, 0) -> 0 | S54: =TRUNC(M54+O54+Q54, 0) -> 60984 | T54: =TRUNC(N54+P54+R54, 0) -> 3179467 | V54: 5D30A596E57E03D31332518F09029776D15054 | Y54: 0103 | Z54: F | AA54: F | AB54: T | BC54: 01035D30A596E57E03D31332518F09029776D15054 | BD54: 28
A55: =+A54 -> 0103 철근콘크리트공사 | B55: 구조 | C55: 지하 | F55: 지하층연면적 | I55: 레미콘 - 서울 | J55: 25-18-12 | K55: M3 | L55: =ROUNDUP((BF55+BG55*개요!F27)*개요!D10/개요!C10,0) -> 207 | M55: =TRUNC(단가대비표!O61,0) -> 62045 | N55: =TRUNC(M55*L55, 0) -> 12843315 | O55: =TRUNC(단가대비표!P61,0) -> 0 | P55: =TRUNC(O55*L55, 0) -> 0 | Q55: =TRUNC(단가대비표!V61,0) -> 0 | R55: =TRUNC(Q55*L55, 0) -> 0 | S55: =TRUNC(M55+O55+Q55, 0) -> 62045 | T55: =TRUNC(N55+P55+R55, 0) -> 12843315 | V55: 5D30A596E57E03D31332518F09029776D15310 | Y55: 0103 | Z55: F | AA55: F | AB55: T | BC55: 01035D30A596E57E03D31332518F09029776D15310 | BD55: 29 | BF55: 131.9044 | BG55: 74.868
A56: =+A55 -> 0103 철근콘크리트공사 | B56: 구조 | C56: 지하 | F56: 합산 | I56: 레미콘타설 | J56: 무근(미할증) | K56: M3 | L56: =ROUNDUP((L54+L55)/1.02,0) -> 255 | M56: =TRUNC(일위대가목록!E21,0) -> 1167 | N56: =TRUNC(M56*L56, 0) -> 297585 | O56: =TRUNC(일위대가목록!F21,0) -> 13561 | P56: =TRUNC(O56*L56, 0) -> 3458055 | Q56: =TRUNC(일위대가목록!G21,0) -> 3217 | R56: =TRUNC(Q56*L56, 0) -> 820335 | S56: =TRUNC(M56+O56+Q56, 0) -> 17945 | T56: =TRUNC(N56+P56+R56, 0) -> 4575975 | V56: 5A16C5B93075989E434A5675E97A91 | Y56: 0103 | Z56: T | AA56: F | AB56: F | BC56: 01035A16C5B93075989E434A5675E97A91 | BD56: 31
A57: =+A56 -> 0103 철근콘크리트공사 | B57: 구조 | C57: 지하 | I57: 레미콘 - 서울 | J57: 25-24-15 | K57: M3 | L57: =L58*1.01 -> 2339.1844 | M57: =TRUNC(단가대비표!O62,0) -> 71723 | N57: =TRUNC(M57*L57, 0) -> 167773321 | O57: =TRUNC(단가대비표!P62,0) -> 0 | P57: =TRUNC(O57*L57, 0) -> 0 | Q57: =TRUNC(단가대비표!V62,0) -> 0 | R57: =TRUNC(Q57*L57, 0) -> 0 | S57: =TRUNC(M57+O57+Q57, 0) -> 71723 | T57: =TRUNC(N57+P57+R57, 0) -> 167773321 | V57: 5D30A596E57E03D31332518F09029776D1520A | Y57: 0103 | Z57: F | AA57: F | AB57: T | BC57: 01035D30A596E57E03D31332518F09029776D1520A | BD57: 30
A58: =+A57 -> 0103 철근콘크리트공사 | B58: 구조 | C58: 지하 | I58: 레미콘타설 | J58: 철근(미할증) | K58: M3 | L58: =개요!B50 -> 2316.0241 | M58: =TRUNC(일위대가목록!E22,0) -> 910 | N58: =TRUNC(M58*L58, 0) -> 2107581 | O58: =TRUNC(일위대가목록!F22,0) -> 14737 | P58: =TRUNC(O58*L58, 0) -> 34131247 | Q58: =TRUNC(일위대가목록!G22,0) -> 2508 | R58: =TRUNC(Q58*L58, 0) -> 5808588 | S58: =TRUNC(M58+O58+Q58, 0) -> 18155 | T58: =TRUNC(N58+P58+R58, 0) -> 42047416 | V58: 5A16C5B93372E7369348576AD939D9 | Y58: 0103 | Z58: T | AA58: F | AB58: F | BC58: 01035A16C5B93372E7369348576AD939D9 | BD58: 32
A59: =+A58 -> 0103 철근콘크리트공사 | B59: 구조 | C59: 지하 | I59: 철근콘크리트용봉강 | J59: 철근콘크리트용봉강, 이형봉강(SD350/400), HD-10, 지정장소도 | K59: TON | L59: =개요!D50*개요!J53*1.03 -> 18.764845 | M59: =TRUNC(단가대비표!O42,0) -> 673000 | N59: =TRUNC(M59*L59, 0) -> 12628740 | O59: =TRUNC(단가대비표!P42,0) -> 0 | P59: =TRUNC(O59*L59, 0) -> 0 | Q59: =TRUNC(단가대비표!V42,0) -> 0 | R59: =TRUNC(Q59*L59, 0) -> 0 | S59: =TRUNC(M59+O59+Q59, 0) -> 673000 | T59: =TRUNC(N59+P59+R59, 0) -> 12628740 | V59: 5D30A596E47DBF53B3C459CCB9EC1C17428B87 | Y59: 0103 | Z59: F | AA59: F | AB59: T | BC59: 01035D30A596E47DBF53B3C459CCB9EC1C17428B87 | BD59: 33
A60: =+A59 -> 0103 철근콘크리트공사 | B60: 구조 | C60: 지하 | I60: 철근콘크리트용봉강 | J60: 철근콘크리트용봉강, 이형봉강(SD350/400), HD-13, 지정장소도 | K60: TON | L60: =개요!D50*개요!K53*1.03 -> 72.378686 | M60: =TRUNC(단가대비표!O43,0) -> 663000 | N60: =TRUNC(M60*L60, 0) -> 47987068 | O60: =TRUNC(단가대비표!P43,0) -> 0 | P60: =TRUNC(O60*L60, 0) -> 0 | Q60: =TRUNC(단가대비표!V43,0) -> 0 | R60: =TRUNC(Q60*L60, 0) -> 0 | S60: =TRUNC(M60+O60+Q60, 0) -> 663000 | T60: =TRUNC(N60+P60+R60, 0) -> 47987068 | V60: 5D30A596E47DBF53B3C459CCB9EC1C1741E41D | Y60: 0103 | Z60: F | AA60: F | AB60: T | BC60: 01035D30A596E47DBF53B3C459CCB9EC1C1741E41D | BD60: 34
A61: =+A60 -> 0103 철근콘크리트공사 | B61: 구조 | C61: 지하 | I61: 철근콘크리트용봉강 | J61: 철근콘크리트용봉강, 이형봉강(SD350/400), HD-16, 지정장소도 | K61: TON | L61: =개요!D50*개요!L53*1.03 -> 16.084152 | M61: =TRUNC(단가대비표!O44,0) -> 658000 | N61: =TRUNC(M61*L61, 0) -> 10583372 | O61: =TRUNC(단가대비표!P44,0) -> 0 | P61: =TRUNC(O61*L61, 0) -> 0 | Q61: =TRUNC(단가대비표!V44,0) -> 0 | R61: =TRUNC(Q61*L61, 0) -> 0 | S61: =TRUNC(M61+O61+Q61, 0) -> 658000 | T61: =TRUNC(N61+P61+R61, 0) -> 10583372 | V61: 5D30A596E47DBF53B3C459CCB9EC1C1740DE32 | Y61: 0103 | Z61: F | AA61: F | AB61: T | BC61: 01035D30A596E47DBF53B3C459CCB9EC1C1740DE32 | BD61: 35
A62: =+A61 -> 0103 철근콘크리트공사 | B62: 구조 | C62: 지하 | I62: 철근콘크리트용봉강 | J62: 철근콘크리트용봉강, 이형봉강(SD500), SH-19, 지정장소도 | K62: TON | L62: =개요!D50*개요!M53*1.03 -> 13.40346 | M62: =TRUNC(단가대비표!O45,0) -> 688000 | N62: =TRUNC(M62*L62, 0) -> 9221580 | O62: =TRUNC(단가대비표!P45,0) -> 0 | P62: =TRUNC(O62*L62, 0) -> 0 | Q62: =TRUNC(단가대비표!V45,0) -> 0 | R62: =TRUNC(Q62*L62, 0) -> 0 | S62: =TRUNC(M62+O62+Q62, 0) -> 688000 | T62: =TRUNC(N62+P62+R62, 0) -> 9221580 | V62: 5D30A596E47DBF53B3C459CCB9EC1C159262B2 | Y62: 0103 | Z62: F | AA62: F | AB62: T | BC62: 01035D30A596E47DBF53B3C459CCB9EC1C159262B2 | BD62: 36
A63: =+A62 -> 0103 철근콘크리트공사 | B63: 구조 | C63: 지하 | I63: 철근콘크리트용봉강 | J63: 철근콘크리트용봉강, 이형봉강(SD500), SH-22, 지정장소도 | K63: TON | L63: =개요!D50*개요!N53*1.03 -> 147.43806 | M63: =TRUNC(단가대비표!O46,0) -> 688000 | N63: =TRUNC(M63*L63, 0) -> 101437388 | O63: =TRUNC(단가대비표!P46,0) -> 0 | P63: =TRUNC(O63*L63, 0) -> 0 | Q63: =TRUNC(단가대비표!V46,0) -> 0 | R63: =TRUNC(Q63*L63, 0) -> 0 | S63: =TRUNC(M63+O63+Q63, 0) -> 688000 | T63: =TRUNC(N63+P63+R63, 0) -> 101437388 | V63: 5D30A596E47DBF53B3C459CCB9EC1C1593093C | Y63: 0103 | Z63: F | AA63: F | AB63: T | BC63: 01035D30A596E47DBF53B3C459CCB9EC1C1593093C | BD63: 37
A64: =+A63 -> 0103 철근콘크리트공사 | B64: 구조 | C64: 지하 | I64: 철근현장가공 및 조립 | J64: 보통(미할증) | K64: TON | L64: =개요!D50 -> 260.26137 | M64: =TRUNC(일위대가목록!E23,0) -> 7930 | N64: =TRUNC(M64*L64, 0) -> 2063872 | O64: =TRUNC(일위대가목록!F23,0) -> 861206 | P64: =TRUNC(O64*L64, 0) -> 224138650 | Q64: =TRUNC(일위대가목록!G23,0) -> 6842 | R64: =TRUNC(Q64*L64, 0) -> 1780708 | S64: =TRUNC(M64+O64+Q64, 0) -> 875978 | T64: =TRUNC(N64+P64+R64, 0) -> 227983230 | V64: 5A16C5BDAC70830023F05D866910DB | Y64: 0103 | Z64: T | AA64: F | AB64: F | BC64: 01035A16C5BDAC70830023F05D866910DB | BD64: 38
A65: =+A64 -> 0103 철근콘크리트공사 | B65: 구조 | C65: 지하 | I65: 철강설 | J65: 철강설, 고철, 작업설부산물 | K65: TON | L65: =(L64-SUM(L59:L63))*0.9 -> -7.0270569 | M65: =TRUNC(단가대비표!O18,0) -> 140000 | N65: =TRUNC(M65*L65, 0) -> -983787 | O65: =TRUNC(단가대비표!P18,0) -> 0 | P65: =TRUNC(O65*L65, 0) -> 0 | Q65: =TRUNC(단가대비표!V18,0) -> 0 | R65: =TRUNC(Q65*L65, 0) -> 0 | S65: =TRUNC(M65+O65+Q65, 0) -> 140000 | T65: =TRUNC(N65+P65+R65, 0) -> -983787 | V65: 5D15D5C352769C65735653EBD95ED5B238CF4A | Y65: 0103 | Z65: F | AA65: F | AB65: T | BC65: 01035D15D5C352769C65735653EBD95ED5B238CF4A | BD65: 39
A66: =+A65 -> 0103 철근콘크리트공사 | B66: 구조 | C66: 지하 | I66: 합판거푸집 | J66: 3회 | K66: M2 | L66: =개요!B55 -> 2411.891 | M66: =TRUNC(일위대가목록!E24,0) -> 10376 | N66: =TRUNC(M66*L66, 0) -> 25025780 | O66: =TRUNC(일위대가목록!F24,0) -> 40888 | P66: =TRUNC(O66*L66, 0) -> 98617397 | Q66: =TRUNC(일위대가목록!G24,0) -> 408 | R66: =TRUNC(Q66*L66, 0) -> 984051 | S66: =TRUNC(M66+O66+Q66, 0) -> 51672 | T66: =TRUNC(N66+P66+R66, 0) -> 124627228 | V66: 5A16C5BEB174C2D3334E5E6CC92F57 | Y66: 0103 | Z66: T | AA66: F | AB66: F | BC66: 01035A16C5BEB174C2D3334E5E6CC92F57 | BD66: 40
A67: =+A66 -> 0103 철근콘크리트공사 | B67: 구조 | C67: 지하 | I67: 합판거푸집 | J67: 4회 | K67: M2 | L67: =개요!B56 -> 176.86622 | M67: =TRUNC(일위대가목록!E25,0) -> 8983 | N67: =TRUNC(M67*L67, 0) -> 1588789 | O67: =TRUNC(일위대가목록!F25,0) -> 28458 | P67: =TRUNC(O67*L67, 0) -> 5033258 | Q67: =TRUNC(일위대가목록!G25,0) -> 284 | R67: =TRUNC(Q67*L67, 0) -> 50230 | S67: =TRUNC(M67+O67+Q67, 0) -> 37725 | T67: =TRUNC(N67+P67+R67, 0) -> 6672277 | V67: 5A16C5BEB174C2D3334F58DB699E38 | Y67: 0103 | Z67: T | AA67: F | AB67: F | BC67: 01035A16C5BEB174C2D3334F58DB699E38 | BD67: 41
A68: =+A67 -> 0103 철근콘크리트공사 | B68: 구조 | C68: 지하 | I68: 합판거푸집 | J68: 경사 3회 | K68: M2 | L68: =개요!B57 -> 208.5444 | M68: =TRUNC(일위대가목록!E26,0) -> 10376 | N68: =TRUNC(M68*L68, 0) -> 2163856 | O68: =TRUNC(일위대가목록!F26,0) -> 49066 | P68: =TRUNC(O68*L68, 0) -> 10232439 | Q68: =TRUNC(일위대가목록!G26,0) -> 408 | R68: =TRUNC(Q68*L68, 0) -> 85086 | S68: =TRUNC(M68+O68+Q68, 0) -> 59850 | T68: =TRUNC(N68+P68+R68, 0) -> 12481381 | V68: 5A16C5BEB174D331C3675F3E19DFE7 | Y68: 0103 | Z68: T | AA68: F | AB68: F | BC68: 01035A16C5BEB174D331C3675F3E19DFE7 | BD68: 42
A69: =+A68 -> 0103 철근콘크리트공사 | B69: 구조 | C69: 지하 | I69: 합판거푸집 | J69: 곡면 | K69: M2 | L69: =개요!B58 -> 179.84869 | M69: =TRUNC(일위대가목록!E27,0) -> 18608 | N69: =TRUNC(M69*L69, 0) -> 3346624 | O69: =TRUNC(일위대가목록!F27,0) -> 96701 | P69: =TRUNC(O69*L69, 0) -> 17391548 | Q69: =TRUNC(일위대가목록!G27,0) -> 0 | R69: =TRUNC(Q69*L69, 0) -> 0 | S69: =TRUNC(M69+O69+Q69, 0) -> 115309 | T69: =TRUNC(N69+P69+R69, 0) -> 20738172 | V69: 5A16C5BEB1748B1C23AD50B01992EB | Y69: 0103 | Z69: T | AA69: F | AB69: F | BC69: 01035A16C5BEB1748B1C23AD50B01992EB | BD69: 43
A70: =+A69 -> 0103 철근콘크리트공사 | B70: 구조 | C70: 지하 | I70: 유로폼 | J70: 벽 | K70: M2 | L70: =개요!B59 -> 1428.2295 | M70: =TRUNC(일위대가목록!E28,0) -> 2624 | N70: =TRUNC(M70*L70, 0) -> 3747674 | O70: =TRUNC(일위대가목록!F28,0) -> 26250 | P70: =TRUNC(O70*L70, 0) -> 37491023 | Q70: =TRUNC(일위대가목록!G28,0) -> 787 | R70: =TRUNC(Q70*L70, 0) -> 1124016 | S70: =TRUNC(M70+O70+Q70, 0) -> 29661 | T70: =TRUNC(N70+P70+R70, 0) -> 42362713 | V70: 5A16C5BEB77D5164938D59CFD98819 | Y70: 0103 | Z70: T | AA70: F | AB70: F | BC70: 01035A16C5BEB77D5164938D59CFD98819 | BD70: 44
A71: =+A70 -> 0103 철근콘크리트공사 | B71: 구조 | C71: 지하 | I71: 합벽거푸집 | J71: 합벽 | K71: M2 | L71: =개요!B60 -> 808.31809 | M71: =TRUNC(일위대가목록!E29,0) -> 15600 | N71: =TRUNC(M71*L71, 0) -> 12609762 | O71: =TRUNC(일위대가목록!F29,0) -> 30735 | P71: =TRUNC(O71*L71, 0) -> 24843656 | Q71: =TRUNC(일위대가목록!G29,0) -> 0 | R71: =TRUNC(Q71*L71, 0) -> 0 | S71: =TRUNC(M71+O71+Q71, 0) -> 46335 | T71: =TRUNC(N71+P71+R71, 0) -> 37453418 | V71: 5A16C5BEB77D515A03555784B9201C | Y71: 0103 | Z71: T | AA71: F | AB71: F | BC71: 01035A16C5BEB77D515A03555784B9201C | BD71: 45
A72: =+A71 -> 0103 철근콘크리트공사 | I72: [ 지 상 공 사 ] | M72: =TRUNC(단가대비표!O260,0) -> 0 | N72: =TRUNC(M72*L72, 0) -> 0 | O72: =TRUNC(단가대비표!P260,0) -> 0 | P72: =TRUNC(O72*L72, 0) -> 0 | Q72: =TRUNC(단가대비표!V260,0) -> 0 | R72: =TRUNC(Q72*L72, 0) -> 0 | S72: =TRUNC(M72+O72+Q72, 0) -> 0 | T72: =TRUNC(N72+P72+R72, 0) -> 0 | V72: 5BAF05C80B7D34600311558D89C0FD472B9D14 | Y72: 0103 | Z72: F | AA72: F | AB72: T | BC72: 01035BAF05C80B7D34600311558D89C0FD472B9D14 | BD72: 64
A73: =+A72 -> 0103 철근콘크리트공사 | B73: 구조 | C73: 지상 | F73: 지상연면적 | I73: 레미콘 - 서울 | J73: 25-18-12 | K73: M3 | L73: =ROUNDUP((BH73+BK73)*개요!D11/개요!C11,0) -> 111 | M73: =TRUNC(단가대비표!O61,0) -> 62045 | N73: =TRUNC(M73*L73, 0) -> 6886995 | O73: =TRUNC(단가대비표!P61,0) -> 0 | P73: =TRUNC(O73*L73, 0) -> 0 | Q73: =TRUNC(단가대비표!V61,0) -> 0 | R73: =TRUNC(Q73*L73, 0) -> 0 | S73: =TRUNC(M73+O73+Q73, 0) -> 62045 | T73: =TRUNC(N73+P73+R73, 0) -> 6886995 | V73: 5D30A596E57E03D31332518F09029776D15310 | Y73: 0103 | Z73: F | AA73: F | AB73: T | BC73: 01035D30A596E57E03D31332518F09029776D15310 | BD73: 48 | BH73: 48.187 | BK73: 63.9132
A74: =+A73 -> 0103 철근콘크리트공사 | B74: 구조 | C74: 지상 | F74: 합산 | I74: 레미콘타설 | J74: 무근(미할증) | K74: M3 | L74: =ROUNDUP(L73/1.02,0) -> 109 | M74: =TRUNC(일위대가목록!E21,0) -> 1167 | N74: =TRUNC(M74*L74, 0) -> 127203 | O74: =TRUNC(일위대가목록!F21,0) -> 13561 | P74: =TRUNC(O74*L74, 0) -> 1478149 | Q74: =TRUNC(일위대가목록!G21,0) -> 3217 | R74: =TRUNC(Q74*L74, 0) -> 350653 | S74: =TRUNC(M74+O74+Q74, 0) -> 17945 | T74: =TRUNC(N74+P74+R74, 0) -> 1956005 | V74: 5A16C5B93075989E434A5675E97A91 | Y74: 0103 | Z74: T | AA74: F | AB74: F | BC74: 01035A16C5B93075989E434A5675E97A91 | BD74: 49
A75: =+A74 -> 0103 철근콘크리트공사 | B75: 구조 | C75: 지상 | I75: 레미콘 - 서울 | J75: 25-24-15 | K75: M3 | L75: =L76*1.01 -> 2118.7641 | M75: =TRUNC(단가대비표!O62,0) -> 71723 | N75: =TRUNC(M75*L75, 0) -> 151964119 | O75: =TRUNC(단가대비표!P62,0) -> 0 | P75: =TRUNC(O75*L75, 0) -> 0 | Q75: =TRUNC(단가대비표!V62,0) -> 0 | R75: =TRUNC(Q75*L75, 0) -> 0 | S75: =TRUNC(M75+O75+Q75, 0) -> 71723 | T75: =TRUNC(N75+P75+R75, 0) -> 151964119 | V75: 5D30A596E57E03D31332518F09029776D1520A | Y75: 0103 | Z75: F | AA75: F | AB75: T | BC75: 01035D30A596E57E03D31332518F09029776D1520A | BD75: 50
A76: =+A75 -> 0103 철근콘크리트공사 | B76: 구조 | C76: 지상 | I76: 레미콘타설 | J76: 철근(미할증) | K76: M3 | L76: =개요!B70 -> 2097.7863 | M76: =TRUNC(일위대가목록!E22,0) -> 910 | N76: =TRUNC(M76*L76, 0) -> 1908985 | O76: =TRUNC(일위대가목록!F22,0) -> 14737 | P76: =TRUNC(O76*L76, 0) -> 30915076 | Q76: =TRUNC(일위대가목록!G22,0) -> 2508 | R76: =TRUNC(Q76*L76, 0) -> 5261247 | S76: =TRUNC(M76+O76+Q76, 0) -> 18155 | T76: =TRUNC(N76+P76+R76, 0) -> 38085308 | V76: 5A16C5B93372E7369348576AD939D9 | Y76: 0103 | Z76: T | AA76: F | AB76: F | BC76: 01035A16C5B93372E7369348576AD939D9 | BD76: 51
A77: =+A76 -> 0103 철근콘크리트공사 | B77: 구조 | C77: 지상 | I77: 철근콘크리트용봉강 | J77: 철근콘크리트용봉강, 이형봉강(SD350/400), HD-10, 지정장소도 | K77: TON | L77: =개요!D70*개요!J73*1.03 -> 63.656455 | M77: =TRUNC(단가대비표!O42,0) -> 673000 | N77: =TRUNC(M77*L77, 0) -> 42840794 | O77: =TRUNC(단가대비표!P42,0) -> 0 | P77: =TRUNC(O77*L77, 0) -> 0 | Q77: =TRUNC(단가대비표!V42,0) -> 0 | R77: =TRUNC(Q77*L77, 0) -> 0 | S77: =TRUNC(M77+O77+Q77, 0) -> 673000 | T77: =TRUNC(N77+P77+R77, 0) -> 42840794 | V77: 5D30A596E47DBF53B3C459CCB9EC1C17428B87 | Y77: 0103 | Z77: F | AA77: F | AB77: T | BC77: 01035D30A596E47DBF53B3C459CCB9EC1C17428B87 | BD77: 52
A78: =+A77 -> 0103 철근콘크리트공사 | B78: 구조 | C78: 지상 | I78: 철근콘크리트용봉강 | J78: 철근콘크리트용봉강, 이형봉강(SD350/400), HD-13, 지정장소도 | K78: TON | L78: =개요!D70*개요!K73*1.03 -> 103.86053 | M78: =TRUNC(단가대비표!O43,0) -> 663000 | N78: =TRUNC(M78*L78, 0) -> 68859532 | O78: =TRUNC(단가대비표!P43,0) -> 0 | P78: =TRUNC(O78*L78, 0) -> 0 | Q78: =TRUNC(단가대비표!V43,0) -> 0 | R78: =TRUNC(Q78*L78, 0) -> 0 | S78: =TRUNC(M78+O78+Q78, 0) -> 663000 | T78: =TRUNC(N78+P78+R78, 0) -> 68859532 | V78: 5D30A596E47DBF53B3C459CCB9EC1C1741E41D | Y78: 0103 | Z78: F | AA78: F | AB78: T | BC78: 01035D30A596E47DBF53B3C459CCB9EC1C1741E41D | BD78: 53
A79: =+A78 -> 0103 철근콘크리트공사 | B79: 구조 | C79: 지상 | I79: 철근콘크리트용봉강 | J79: 철근콘크리트용봉강, 이형봉강(SD350/400), HD-16, 지정장소도 | K79: TON | L79: =개요!D70*개요!L73*1.03 -> 33.503397 | M79: =TRUNC(단가대비표!O44,0) -> 658000 | N79: =TRUNC(M79*L79, 0) -> 22045235 | O79: =TRUNC(단가대비표!P44,0) -> 0 | P79: =TRUNC(O79*L79, 0) -> 0 | Q79: =TRUNC(단가대비표!V44,0) -> 0 | R79: =TRUNC(Q79*L79, 0) -> 0 | S79: =TRUNC(M79+O79+Q79, 0) -> 658000 | T79: =TRUNC(N79+P79+R79, 0) -> 22045235 | V79: 5D30A596E47DBF53B3C459CCB9EC1C1740DE32 | Y79: 0103 | Z79: F | AA79: F | AB79: T | BC79: 01035D30A596E47DBF53B3C459CCB9EC1C1740DE32 | BD79: 54
A80: =+A79 -> 0103 철근콘크리트공사 | B80: 구조 | C80: 지상 | I80: 철근콘크리트용봉강 | J80: 철근콘크리트용봉강, 이형봉강(SD500), SH-22, 지정장소도 | K80: TON | L80: =개요!D70*개요!M73*1.03 -> 134.01359 | M80: =TRUNC(단가대비표!O46,0) -> 688000 | N80: =TRUNC(M80*L80, 0) -> 92201349 | O80: =TRUNC(단가대비표!P46,0) -> 0 | P80: =TRUNC(O80*L80, 0) -> 0 | Q80: =TRUNC(단가대비표!V46,0) -> 0 | R80: =TRUNC(Q80*L80, 0) -> 0 | S80: =TRUNC(M80+O80+Q80, 0) -> 688000 | T80: =TRUNC(N80+P80+R80, 0) -> 92201349 | V80: 5D30A596E47DBF53B3C459CCB9EC1C1593093C | Y80: 0103 | Z80: F | AA80: F | AB80: T | BC80: 01035D30A596E47DBF53B3C459CCB9EC1C1593093C | BD80: 56
A81: =+A80 -> 0103 철근콘크리트공사 | B81: 구조 | C81: 지상 | I81: 철근현장가공 및 조립 | J81: 보통(미할증) | K81: TON | L81: =개요!D70 -> 325.2757 | M81: =TRUNC(일위대가목록!E23,0) -> 7930 | N81: =TRUNC(M81*L81, 0) -> 2579436 | O81: =TRUNC(일위대가목록!F23,0) -> 861206 | P81: =TRUNC(O81*L81, 0) -> 280129386 | Q81: =TRUNC(일위대가목록!G23,0) -> 6842 | R81: =TRUNC(Q81*L81, 0) -> 2225536 | S81: =TRUNC(M81+O81+Q81, 0) -> 875978 | T81: =TRUNC(N81+P81+R81, 0) -> 284934358 | V81: 5A16C5BDAC70830023F05D866910DB | Y81: 0103 | Z81: T | AA81: F | AB81: F | BC81: 01035A16C5BDAC70830023F05D866910DB | BD81: 57
A82: =+A81 -> 0103 철근콘크리트공사 | B82: 구조 | C82: 지상 | I82: 철강설 | J82: 철강설, 고철, 작업설부산물 | K82: TON | L82: =(L81-SUM(L77:L80))*0.9 -> -8.782444 | M82: =TRUNC(단가대비표!O18,0) -> 140000 | N82: =TRUNC(M82*L82, 0) -> -1229542 | O82: =TRUNC(단가대비표!P18,0) -> 0 | P82: =TRUNC(O82*L82, 0) -> 0 | Q82: =TRUNC(단가대비표!V18,0) -> 0 | R82: =TRUNC(Q82*L82, 0) -> 0 | S82: =TRUNC(M82+O82+Q82, 0) -> 140000 | T82: =TRUNC(N82+P82+R82, 0) -> -1229542 | V82: 5D15D5C352769C65735653EBD95ED5B238CF4A | Y82: 0103 | Z82: F | AA82: F | AB82: T | BC82: 01035D15D5C352769C65735653EBD95ED5B238CF4A | BD82: 58
A83: =+A82 -> 0103 철근콘크리트공사 | B83: 구조 | C83: 지상 | I83: 합판거푸집 | J83: 3회 | K83: M2 | L83: =개요!C67+개요!C68 -> 5428.5955 | M83: =TRUNC(일위대가목록!E24,0) -> 10376 | N83: =TRUNC(M83*L83, 0) -> 56327107 | O83: =TRUNC(일위대가목록!F24,0) -> 40888 | P83: =TRUNC(O83*L83, 0) -> 221964413 | Q83: =TRUNC(일위대가목록!G24,0) -> 408 | R83: =TRUNC(Q83*L83, 0) -> 2214866 | S83: =TRUNC(M83+O83+Q83, 0) -> 51672 | T83: =TRUNC(N83+P83+R83, 0) -> 280506386 | V83: 5A16C5BEB174C2D3334E5E6CC92F57 | Y83: 0103 | Z83: T | AA83: F | AB83: F | BC83: 01035A16C5BEB174C2D3334E5E6CC92F57 | BD83: 59
A84: =+A83 -> 0103 철근콘크리트공사 | B84: 구조 | C84: 지상 | I84: 유로폼 | J84: 벽 | K84: M2 | L84: =개요!C66+개요!C69 -> 10280.682 | M84: =TRUNC(일위대가목록!E28,0) -> 2624 | N84: =TRUNC(M84*L84, 0) -> 26976510 | O84: =TRUNC(일위대가목록!F28,0) -> 26250 | P84: =TRUNC(O84*L84, 0) -> 269867907 | Q84: =TRUNC(일위대가목록!G28,0) -> 787 | R84: =TRUNC(Q84*L84, 0) -> 8090896 | S84: =TRUNC(M84+O84+Q84, 0) -> 29661 | T84: =TRUNC(N84+P84+R84, 0) -> 304935313 | V84: 5A16C5BEB77D5164938D59CFD98819 | Y84: 0103 | Z84: T | AA84: F | AB84: F | BC84: 01035A16C5BEB77D5164938D59CFD98819 | BD84: 63
A85: =+A84 -> 0103 철근콘크리트공사 | I85: [ 기 타 공 사 ] | M85: =TRUNC(단가대비표!O261,0) -> 0 | N85: =TRUNC(M85*L85, 0) -> 0 | O85: =TRUNC(단가대비표!P261,0) -> 0 | P85: =TRUNC(O85*L85, 0) -> 0 | Q85: =TRUNC(단가대비표!V261,0) -> 0 | R85: =TRUNC(Q85*L85, 0) -> 0 | S85: =TRUNC(M85+O85+Q85, 0) -> 0 | T85: =TRUNC(N85+P85+R85, 0) -> 0 | V85: 5BAF05C80B7D34600311558D89C0FD472B9D15 | Y85: 0103 | Z85: F | AA85: F | AB85: T | BC85: 01035BAF05C80B7D34600311558D89C0FD472B9D15 | BD85: 65
A86: =+A85 -> 0103 철근콘크리트공사 | B86: 구조 | C86: 기타 | F86: 지하층둘레 | I86: 지수판설치 - PVC 용접 | J86: PVC, H200*5t | K86: M | L86: =ROUNDUP(개요!D16*(개요!F26+개요!F27),0) -> 238 | M86: =TRUNC(일위대가목록!E30,0) -> 3024 | N86: =TRUNC(M86*L86, 0) -> 719712 | O86: =TRUNC(일위대가목록!F30,0) -> 41479 | P86: =TRUNC(O86*L86, 0) -> 9872002 | Q86: =TRUNC(일위대가목록!G30,0) -> 1244 | R86: =TRUNC(Q86*L86, 0) -> 296072 | S86: =TRUNC(M86+O86+Q86, 0) -> 45747 | T86: =TRUNC(N86+P86+R86, 0) -> 10887786 | V86: 5A16C5B700792AB403895A3999AD33 | Y86: 0103 | Z86: T | AA86: F | AB86: F | BC86: 01035A16C5B700792AB403895A3999AD33 | BD86: 66
A87: =+A86 -> 0103 철근콘크리트공사 | B87: 구조 | C87: 기타 | I87: 잡석지정 | J87: 굴삭기 0.2m3+진동롤러(핸드가이드식) | K87: M3 | L87: =개요!A77*개요!N50 -> 173.787 | M87: =TRUNC(일위대가목록!E31,0) -> 658 | N87: =TRUNC(M87*L87, 0) -> 114351 | O87: =TRUNC(일위대가목록!F31,0) -> 5445 | P87: =TRUNC(O87*L87, 0) -> 946270 | Q87: =TRUNC(일위대가목록!G31,0) -> 1005 | R87: =TRUNC(Q87*L87, 0) -> 174655 | S87: =TRUNC(M87+O87+Q87, 0) -> 7108 | T87: =TRUNC(N87+P87+R87, 0) -> 1235276 | V87: 5A16B5598471B7F673115D0B190C79 | Y87: 0103 | Z87: T | AA87: F | AB87: F | BC87: 01035A16B5598471B7F673115D0B190C79 | BD87: 67
A88: =+A87 -> 0103 철근콘크리트공사 | B88: 구조 | C88: 기타 | I88: 방습필름 설치 - 바닥 | J88: 폴리에틸렌필름, 두께, 0.03mm, 2겹 | K88: M2 | L88: =개요!A77 -> 868.935 | M88: =TRUNC(일위대가목록!E32,0) -> 361 | N88: =TRUNC(M88*L88, 0) -> 313685 | O88: =TRUNC(일위대가목록!F32,0) -> 1172 | P88: =TRUNC(O88*L88, 0) -> 1018391 | Q88: =TRUNC(일위대가목록!G32,0) -> 0 | R88: =TRUNC(Q88*L88, 0) -> 0 | S88: =TRUNC(M88+O88+Q88, 0) -> 1533 | T88: =TRUNC(N88+P88+R88, 0) -> 1332076 | V88: 5A167539E672E7B9433C5EF6997A53 | Y88: 0103 | Z88: T | AA88: F | AB88: F | BC88: 01035A167539E672E7B9433C5EF6997A53 | BD88: 68
A89: =+A88 -> 0103 철근콘크리트공사
A90: =+A89 -> 0103 철근콘크리트공사
A91: =+A90 -> 0103 철근콘크리트공사
A92: =+A91 -> 0103 철근콘크리트공사
A93: =+A92 -> 0103 철근콘크리트공사
A94: =+A93 -> 0103 철근콘크리트공사
A95: =+A94 -> 0103 철근콘크리트공사
A96: =+A95 -> 0103 철근콘크리트공사
A97: =+A96 -> 0103 철근콘크리트공사
A98: =+A97 -> 0103 철근콘크리트공사
A99: =+A98 -> 0103 철근콘크리트공사 | I99: [ 합 계 ] | N99: =SUM(N53:N98) -> 890257458 | P99: =SUM(P53:P98) -> 1271528867 | R99: =SUM(R53:R98) -> 29266939 | T99: =SUM(T53:T98) -> 2191053264 | V99: TOTAL
A100: =+I100 -> 0104 조 적 공 사 | I100: 0104 조 적 공 사 | Y100: 0104
A101: =+A100 -> 0104 조 적 공 사 | B101: 조적 | C101: 벽돌 | F101: 합산 | I101: 콘크리트벽돌 | J101: 콘크리트벽돌, 190*57*90mm, 서울, C종2급 | K101: 매 | L101: =ROUNDUP(L102*75*1.05,0) -> 2284 | M101: =TRUNC(단가대비표!O71,0) -> 70 | N101: =TRUNC(M101*L101, 0) -> 159880 | O101: =TRUNC(단가대비표!P71,0) -> 0 | P101: =TRUNC(O101*L101, 0) -> 0 | Q101: =TRUNC(단가대비표!V71,0) -> 0 | R101: =TRUNC(Q101*L101, 0) -> 0 | S101: =TRUNC(M101+O101+Q101, 0) -> 70 | T101: =TRUNC(N101+P101+R101, 0) -> 159880 | V101: 5D30A596E77AF54BA3855B24192D3BA927DC78 | Y101: 0104 | Z101: F | AA101: F | AB101: T | BC101: 01045D30A596E77AF54BA3855B24192D3BA927DC78 | BD101: 210
A102: =+A101 -> 0104 조 적 공 사 | B102: 조적 | C102: 벽돌 | F102: 연면적 | G102: 층고 | I102: 0.5B 벽돌쌓기 | J102: 3.6m 초과 | K102: M2 | L102: =ROUNDUP((BI102*개요!D12/개요!C12)*개요!E29/1000*개요!F29+(공종별내역서!BJ102*개요!D12/개요!C12)*개요!E30/1000*개요!F30,0) -> 29 | M102: =TRUNC(일위대가목록!E33,0) -> 0 | N102: =TRUNC(M102*L102, 0) -> 0 | O102: =TRUNC(일위대가목록!F33,0) -> 38167 | P102: =TRUNC(O102*L102, 0) -> 1106843 | Q102: =TRUNC(일위대가목록!G33,0) -> 728 | R102: =TRUNC(Q102*L102, 0) -> 21112 | S102: =TRUNC(M102+O102+Q102, 0) -> 38895 | T102: =TRUNC(N102+P102+R102, 0) -> 1127955 | V102: 5A16E58DEC749C4EE3CB56D339C036 | Y102: 0104 | Z102: T | AA102: F | AB102: F | BC102: 01045A16E58DEC749C4EE3CB56D339C036 | BD102: 208 | BI102: =9.027/5 -> 1.8054 | BJ102: =3.225/4.5 -> 0.71666667
A103: =+A102 -> 0104 조 적 공 사 | B103: 조적 | C103: 블록 | F103: 합산 | I103: 속빈콘크리트블록 | J103: 속빈시멘트블록, 190*190*390mm, 서울 | K103: 매 | L103: =+L104*13 -> 780 | M103: =TRUNC(단가대비표!O70,0) -> 850 | N103: =TRUNC(M103*L103, 0) -> 663000 | O103: =TRUNC(단가대비표!P70,0) -> 0 | P103: =TRUNC(O103*L103, 0) -> 0 | Q103: =TRUNC(단가대비표!V70,0) -> 0 | R103: =TRUNC(Q103*L103, 0) -> 0 | S103: =TRUNC(M103+O103+Q103, 0) -> 850 | T103: =TRUNC(N103+P103+R103, 0) -> 663000 | V103: 5D30A596E77AF570F3EE577B29DF4DAB142B03 | Y103: 0104 | Z103: F | AA103: F | AB103: T | BC103: 01045D30A596E77AF570F3EE577B29DF4DAB142B03 | BD103: 211
A104: =+A103 -> 0104 조 적 공 사 | B104: 조적 | C104: 블록 | F104: 연면적 | G104: 층고 | I104: 블록쌓기(390*190*190) | J104: 3.6m 초과, 양면마감 | K104: M2 | L104: =ROUNDUP(((BF104*개요!D12/개요!C12)*개요!E26/1000*개요!F26 +(공종별내역서!BG104*개요!D12/개요!C12)*개요!E27/1000*개요!F27),0) -> 60 | M104: =TRUNC(일위대가목록!E34,0) -> 0 | N104: =TRUNC(M104*L104, 0) -> 0 | O104: =TRUNC(일위대가목록!F34,0) -> 47827 | P104: =TRUNC(O104*L104, 0) -> 2869620 | Q104: =TRUNC(일위대가목록!G34,0) -> 938 | R104: =TRUNC(Q104*L104, 0) -> 56280 | S104: =TRUNC(M104+O104+Q104, 0) -> 48765 | T104: =TRUNC(N104+P104+R104, 0) -> 2925900 | V104: 5A16E58EF5766C4E336B5F07F9F61A | Y104: 0104 | Z104: T | AA104: F | AB104: F | BC104: 01045A16E58EF5766C4E336B5F07F9F61A | BD104: 209 | BF104: =47.304/3.2 -> 14.7825 | BG104: =12.42/3.6 -> 3.45
...

Sheet 일위대가목록
A1: 일 위 대 가 목 록
A2: [ 업무시설 ]
A3: 코 드 | B3: 품 명 | C3: 규 격 | D3: 단위 | E3: 재 료 비 | F3: 노 무 비 | G3: 경 비 | H3: 합 계 | I3: 번 호 | J3: 비 고 | K3: 노임계수 | L3: 할증 | M3: 품셈개요 | N3: 장비일위
A4: 5A16950BD57D4F7AF3F35FA769ECF0 | B4: 조립식가설울타리/E.G.I철판 | C4: H=2.4, 12개월 | D4: M | E4: =일위대가!F17 -> 0 | F4: =일위대가!H17 -> 0 | G4: =일위대가!J17 -> 54703 | H4: =E4+F4+G4 -> 54703 | I4: 호표 1 | J4: 토목 2-3-2 | M4: 토목 2-3-2
A5: 5A16950EA97B5424F3CC512B39781F | B5: 가설게이트 | D5: EA | E5: =일위대가!F35 -> 0 | F5: =일위대가!H35 -> 0 | G5: =일위대가!J35 -> 15269645 | H5: =E5+F5+G5 -> 15269645 | I5: 호표 2
A6: 5A169508017B584A431B5C2C79C741 | B6: 조립식가설사무소/감리, 감독자 | C6: 12개월 | D6: M2 | E6: =일위대가!F56 -> 0 | F6: =일위대가!H56 -> 0 | G6: =일위대가!J56 -> 101535 | H6: =E6+F6+G6 -> 101535 | I6: 호표 3 | J6: 공통 2-3-1, 2-2-2.1 | M6: 공통 2-3-1, 2-2-2.1
A7: 5A169508017B584A431B5C2C79C740 | B7: 조립식가설사무소/수급자 | C7: 12개월 | D7: M2 | E7: =일위대가!F77 -> 0 | F7: =일위대가!H77 -> 0 | G7: =일위대가!J77 -> 101535 | H7: =E7+F7+G7 -> 101535 | I7: 호표 4 | J7: 공통 2-3-1, 2-2-2.1 | M7: 공통 2-3-1, 2-2-2.1
A8: 5A169508017B6AB4D35654021934CC | B8: 조립식가설창고 | C8: 12개월 | D8: M2 | E8: =일위대가!F94 -> 0 | F8: =일위대가!H94 -> 0 | G8: =일위대가!J94 -> 76951 | H8: =E8+F8+G8 -> 76951 | I8: 호표 5 | J8: 공통 2-3-1, 2-2-2.1 | M8: 공통 2-3-1, 2-2-2.1
A9: 5A16950BD779EAC343BE5B2FB9F77F | B9: 면적당규준틀 | D9: M2 | E9: =일위대가!F100 -> 584 | F9: =일위대가!H100 -> 6145 | G9: =일위대가!J100 -> 0 | H9: =E9+F9+G9 -> 6729 | I9: 호표 6 | J9: 토목 2-4-2.3 | M9: 토목 2-4-2.3
A10: 5A16950BD779D84053F8599D2962C7 | B10: 강관동바리 설치 및 해체 | C10: 4.2m 이하 | D10: M2 | E10: =일위대가!F105 -> 1453 | F10: =일위대가!H105 -> 14638 | G10: =일위대가!J105 -> 0 | H10: =E10+F10+G10 -> 16091 | I10: 호표 7
A11: 5A16950BD779D852C3825C3B09B571 | B11: 시스템동바리 설치 및 해체 | C11: 10m 이하 | D11: 10공M3 | E11: =일위대가!F112 -> 64927 | F11: =일위대가!H112 -> 160307 | G11: =일위대가!J112 -> 6406 | H11: =E11+F11+G11 -> 231640 | I11: 호표 8 | J11: 공통 2-6-3 | M11: 공통 2-6-3
A12: 5A16950BD779EADDD394526749C7D3 | B12: 시스템비계 설치 및 해체 | D12: M2 | E12: =일위대가!F118 -> 7821 | F12: =일위대가!H118 -> 10864 | G12: =일위대가!J118 -> 0 | H12: =E12+F12+G12 -> 18685 | I12: 호표 9 | J12: 공통 2-7-2 | M12: 공통 2-7-2
A13: 5A16950BD779EADD8316588FA97414 | B13: 가설 계단 설치 및 해체 | D13: M2 | E13: =일위대가!F125 -> 7190 | F13: =일위대가!H125 -> 76460 | G13: =일위대가!J125 -> 1529 | H13: =E13+F13+G13 -> 85179 | I13: 호표 10 | J13: 공통 2-7-5 | M13: 공통 2-7-5
A14: 5A16950BD779EADDF3475041699AEA | B14: 이동식강관밀비계 | C14: 높이 2m, 3개월 | D14: 대 | E14: =일위대가!F138 -> 12912 | F14: =일위대가!H138 -> 78672 | G14: =일위대가!J138 -> 0 | H14: =E14+F14+G14 -> 91584 | I14: 호표 11 | J14: 공통 2-7-4 | M14: 공통 2-7-4
A15: 5A16950BD779EADDF347507EA939BB | B15: 이동식강관밀비계 | C15: 높이 4m, 3개월 | D15: 대 | E15: =일위대가!F152 -> 20066 | F15: =일위대가!H152 -> 130469 | G15: =일위대가!J152 -> 0 | H15: =E15+F15+G15 -> 150535 | I15: 호표 12 | J15: 공통 2-7-4 | M15: 공통 2-7-4
A16: 5A16950EAA75748B13245FC1B98935 | B16: 건축물보양 - 콘크리트 | C16: 살수 | D16: M2 | E16: =일위대가!F156 -> 0 | F16: =일위대가!H156 -> 555 | G16: =일위대가!J156 -> 0 | H16: =E16+F16+G16 -> 555 | I16: 호표 13 | J16: 공통 2-9-1 | M16: 공통 2-9-1
A17: 5A16950EAA75748B23CD5D55F9C53E | B17: 건축물보양 - 석재면, 테라조면 | C17: 하드롱지 | D17: M2 | E17: =일위대가!F162 -> 915 | F17: =일위대가!H162 -> 1389 | G17: =일위대가!J162 -> 0 | H17: =E17+F17+G17 -> 2304 | I17: 호표 14 | J17: 공통 2-9-1 | M17: 공통 2-9-1
A18: 5A16950EAA75748B23CC5CD4790B74 | B18: 건축물보양 - 타일 | C18: 톱밥 | D18: M2 | E18: =일위대가!F167 -> 0 | F18: =일위대가!H167 -> 277 | G18: =일위대가!J167 -> 0 | H18: =E18+F18+G18 -> 277 | I18: 호표 15 | J18: 공통 2-9-1 | M18: 공통 2-9-1
A19: 5A16950EA97B70F3D33B542E498E23 | B19: 건축물 현장정리 | C19: 철근콘크리트조 | D19: M2 | E19: =일위대가!F171 -> 0 | F19: =일위대가!H171 -> 20848 | G19: =일위대가!J171 -> 0 | H19: =E19+F19+G19 -> 20848 | I19: 호표 16 | J19: 공통 2-9-2 | M19: 공통 2-9-2
A20: 5A16950EAA7574B0731B5A3A99F539 | B20: 먹매김 | D20: M2 | E20: =일위대가!F176 -> 0 | F20: =일위대가!H176 -> 3703 | G20: =일위대가!J176 -> 0 | H20: =E20+F20+G20 -> 3703 | I20: 호표 17
A21: 5A16C5B93075989E434A5675E97A91 | B21: 레미콘타설 | C21: 무근(미할증) | D21: M3 | E21: =일위대가!F181 -> 1167 | F21: =일위대가!H181 -> 13561 | G21: =일위대가!J181 -> 3217 | H21: =E21+F21+G21 -> 17945 | I21: 호표 18 | J21: 토목 6-1-2 | M21: 토목 6-1-2
A22: 5A16C5B93372E7369348576AD939D9 | B22: 레미콘타설 | C22: 철근(미할증) | D22: M3 | E22: =일위대가!F186 -> 910 | F22: =일위대가!H186 -> 14737 | G22: =일위대가!J186 -> 2508 | H22: =E22+F22+G22 -> 18155 | I22: 호표 19 | J22: 토목 6-1-2 | M22: 토목 6-1-2
A23: 5A16C5BDAC70830023F05D866910DB | B23: 철근현장가공 및 조립 | C23: 보통(미할증) | D23: TON | E23: =일위대가!F195 -> 7930 | F23: =일위대가!H195 -> 861206 | G23: =일위대가!J195 -> 6842 | H23: =E23+F23+G23 -> 875978 | I23: 호표 20 | J23: 공통 6-2-2 | M23: 공통 6-2-2
A24: 5A16C5BEB174C2D3334E5E6CC92F57 | B24: 합판거푸집 | C24: 3회 | D24: M2 | E24: =일위대가!F200 -> 10376 | F24: =일위대가!H200 -> 40888 | G24: =일위대가!J200 -> 408 | H24: =E24+F24+G24 -> 51672 | I24: 호표 21 | J24: 공통 6-3-1 | M24: 공통 6-3-1
A25: 5A16C5BEB174C2D3334F58DB699E38 | B25: 합판거푸집 | C25: 4회 | D25: M2 | E25: =일위대가!F205 -> 8983 | F25: =일위대가!H205 -> 28458 | G25: =일위대가!J205 -> 284 | H25: =E25+F25+G25 -> 37725 | I25: 호표 22 | J25: 공통 6-3-1 | M25: 공통 6-3-1
A26: 5A16C5BEB174D331C3675F3E19DFE7 | B26: 합판거푸집 | C26: 경사 3회 | D26: M2 | E26: =일위대가!F210 -> 10376 | F26: =일위대가!H210 -> 49066 | G26: =일위대가!J210 -> 408 | H26: =E26+F26+G26 -> 59850 | I26: 호표 23 | J26: 공통 6-3-1 | M26: 공통 6-3-1
A27: 5A16C5BEB1748B1C23AD50B01992EB | B27: 합판거푸집 | C27: 곡면 | D27: M2 | E27: =일위대가!F217 -> 18608 | F27: =일위대가!H217 -> 96701 | G27: =일위대가!J217 -> 0 | H27: =E27+F27+G27 -> 115309 | I27: 호표 24 | J27: 토목 6-3-3 | M27: 토목 6-3-3
A28: 5A16C5BEB77D5164938D59CFD98819 | B28: 유로폼 | C28: 벽 | D28: M2 | E28: =일위대가!F222 -> 2624 | F28: =일위대가!H222 -> 26250 | G28: =일위대가!J222 -> 787 | H28: =E28+F28+G28 -> 29661 | I28: 호표 25 | J28: 공통 6-3-3 | M28: 공통 6-3-3
A29: 5A16C5BEB77D515A03555784B9201C | B29: 합벽거푸집 | C29: 합벽 | D29: M2 | E29: =일위대가!F235 -> 15600 | F29: =일위대가!H235 -> 30735 | G29: =일위대가!J235 -> 0 | H29: =E29+F29+G29 -> 46335 | I29: 호표 26
A30: 5A16C5B700792AB403895A3999AD33 | B30: 지수판설치 - PVC 용접 | C30: PVC, H200*5t | D30: M | E30: =일위대가!F244 -> 3024 | F30: =일위대가!H244 -> 41479 | G30: =일위대가!J244 -> 1244 | H30: =E30+F30+G30 -> 45747 | I30: 호표 27 | J30: 공통 6-3-9.1 | M30: 공통 6-3-9.1
A31: 5A16B5598471B7F673115D0B190C79 | B31: 잡석지정 | C31: 굴삭기 0.2m3+진동롤러(핸드가이드식) | D31: M3 | E31: =일위대가!F249 -> 658 | F31: =일위대가!H249 -> 5445 | G31: =일위대가!J249 -> 1005 | H31: =E31+F31+G31 -> 7108 | I31: 호표 28 | J31: 공통 3-2-4 | M31: 공통 3-2-4
A32: 5A167539E672E7B9433C5EF6997A53 | B32: 방습필름 설치 - 바닥 | C32: 폴리에틸렌필름, 두께, 0.03mm, 2겹 | D32: M2 | E32: =일위대가!F254 -> 361 | F32: =일위대가!H254 -> 1172 | G32: =일위대가!J254 -> 0 | H32: =E32+F32+G32 -> 1533 | I32: 호표 29 | J32: 건축 5-3-3 | M32: 건축 5-3-3
A33: 5A16E58DEC749C4EE3CB56D339C036 | B33: 0.5B 벽돌쌓기 | C33: 3.6m 초과 | D33: M2 | E33: =일위대가!F262 -> 0 | F33: =일위대가!H262 -> 38167 | G33: =일위대가!J262 -> 728 | H33: =E33+F33+G33 -> 38895 | I33: 호표 30 | J33: 건축 2-1-1 | M33: 건축 2-1-1
A34: 5A16E58EF5766C4E336B5F07F9F61A | B34: 블록쌓기(390*190*190) | C34: 3.6m 초과, 양면마감 | D34: M2 | E34: =일위대가!F269 -> 0 | F34: =일위대가!H269 -> 47827 | G34: =일위대가!J269 -> 938 | H34: =E34+F34+G34 -> 48765 | I34: 호표 31 | J34: 건축 2-2-1 | M34: 건축 2-2-1
A35: 5A1655EDBD7D7D8C23255E3AB9A1A6 | B35: 화강석붙임(습식, 물갈기) | C35: 바닥, 포천석 30mm, 모르타르 70mm | D35: M2 | E35: =일위대가!F275 -> 56991 | F35: =일위대가!H275 -> 93596 | G35: =일위대가!J275 -> 871 | H35: =E35+F35+G35 -> 151458 | I35: 호표 32 | J35: 공통 7-4-1 | M35: 공통 7-4-1
A36: 5A1655EDBD7D7D8C23255E3AB9A1A5 | B36: 화강석붙임(습식, 물갈기) | C36: 바닥, 포천석 30mm, 모르타르 40mm | D36: M2 | E36: =일위대가!F281 -> 56991 | F36: =일위대가!H281 -> 90844 | G36: =일위대가!J281 -> 871 | H36: =E36+F36+G36 -> 148706 | I36: 호표 33 | J36: 공통 7-4-1 | M36: 공통 7-4-1
A37: 5A1655EDBD7D7D8C23255E3AB9A1A4 | B37: 화강석붙임(습식, 물갈기) | C37: 바닥, 포천석 30mm, 모르타르 20mm | D37: M2 | E37: =일위대가!F287 -> 56991 | F37: =일위대가!H287 -> 89009 | G37: =일위대가!J287 -> 871 | H37: =E37+F37+G37 -> 146871 | I37: 호표 34 | J37: 공통 7-4-1 | M37: 공통 7-4-1
A38: 5A1655EDBD7D7D8C23255E3AB9A1A3 | B38: 화강석붙임(습식, 물갈기) / 계단 | C38: 바닥, 포천석 30mm, 모르타르 20mm | D38: M2 | E38: =일위대가!F293 -> 56991 | F38: =일위대가!H293 -> 89009 | G38: =일위대가!J293 -> 871 | H38: =E38+F38+G38 -> 146871 | I38: 호표 35 | J38: 공통 7-4-1 | M38: 공통 7-4-1
A39: 5A1655EDBD7D7D8C23255E3AB9A1A2 | B39: 화강석붙임(습식, 물갈기) / 계단 | C39: 바닥, 포천석 30mm, 모르타르 40mm | D39: M2 | E39: =일위대가!F299 -> 56991 | F39: =일위대가!H299 -> 90844 | G39: =일위대가!J299 -> 871 | H39: =E39+F39+G39 -> 148706 | I39: 호표 36 | J39: 공통 7-4-1 | M39: 공통 7-4-1
A40: 5A1655EDBD7D404A43DF5EBEA95520 | B40: 화강석붙임(습식, 버너) / 주출입구 | C40: 바닥, 포천석 30mm, 모르타르 30mm | D40: M2 | E40: =일위대가!F305 -> 52635 | F40: =일위대가!H305 -> 89926 | G40: =일위대가!J305 -> 871 | H40: =E40+F40+G40 -> 143432 | I40: 호표 37 | J40: 공통 7-4-1 | M40: 공통 7-4-1
A41: 5A1655EDBD7D7D8C23255E3AB9A1A1 | B41: 화강석붙임(습식, 물갈기) / 디딤판 | C41: 바닥, 포천석 30mm, 모르타르 20mm | D41: M2 | E41: =일위대가!F311 -> 56991 | F41: =일위대가!H311 -> 89009 | G41: =일위대가!J311 -> 871 | H41: =E41+F41+G41 -> 146871 | I41: 호표 38 | J41: 공통 7-4-1 | M41: 공통 7-4-1
A42: 5A1655EDBD7D7D8C23255E3AB9A1A0 | B42: 화강석붙임(습식, 물갈기) / 디딤판 | C42: 바닥, 포천석 30mm, 모르타르 40mm | D42: M2 | E42: =일위대가!F317 -> 56991 | F42: =일위대가!H317 -> 90844 | G42: =일위대가!J317 -> 871 | H42: =E42+F42+G42 -> 148706 | I42: 호표 39 | J42: 공통 7-4-1 | M42: 공통 7-4-1
A43: 5A1655EDBB727F0E03D953B9692731 | B43: 화강석붙임(습식, 물갈기) | C43: 챌판, 포천석 30mm, 모르타르 20mm | D43: M2 | E43: =일위대가!F323 -> 56991 | F43: =일위대가!H323 -> 100526 | G43: =일위대가!J323 -> 986 | H43: =E43+F43+G43 -> 158503 | I43: 호표 40 | J43: 공통 7-4-1 | M43: 공통 7-4-1
A44: 5A1655EDBB727F0E03D953B9692732 | B44: 화강석붙임(습식, 물갈기) | C44: 챌판, 포천석 30mm, 모르타르 40mm | D44: M2 | E44: =일위대가!F329 -> 56991 | F44: =일위대가!H329 -> 102361 | G44: =일위대가!J329 -> 986 | H44: =E44+F44+G44 -> 160338 | I44: 호표 41 | J44: 공통 7-4-1 | M44: 공통 7-4-1
A45: 5A1655EDBB726E9F338251DBE9621D | B45: 화강석붙임(습식, 버너) / 주출입구 | C45: 챌판, 포천석 30mm, 모르타르 25mm | D45: M2 | E45: =일위대가!F335 -> 52635 | F45: =일위대가!H335 -> 100985 | G45: =일위대가!J335 -> 986 | H45: =E45+F45+G45 -> 154606 | I45: 호표 42 | J45: 공통 7-4-1 | M45: 공통 7-4-1
A46: 5A1655EDBF78762E632B5E2A1901CA | B46: 화강석붙임(건식/앵커, 물갈기) | C46: 벽, 포천석 30mm | D46: M2 | E46: =일위대가!F340 -> 56991 | F46: =일위대가!H340 -> 100082 | G46: =일위대가!J340 -> 3002 | H46: =E46+F46+G46 -> 160075 | I46: 호표 43 | J46: 공통 7-4-2 | M46: 공통 7-4-2
A47: 5A1655EDBF78762E632B5E2A1901CB | B47: 화강석붙임(건식/앵커, 물갈기) / 파라펫내측 | C47: 벽, 포천석 30mm | D47: M2 | E47: =일위대가!F345 -> 56991 | F47: =일위대가!H345 -> 100082 | G47: =일위대가!J345 -> 3002 | H47: =E47+F47+G47 -> 160075 | I47: 호표 44 | J47: 공통 7-4-2 | M47: 공통 7-4-2
A48: 5A1655EDB977914FB3D8568EC9C4EF | B48: 화강석붙임(습식, 물갈기) | C48: 창대, 포천석 150*30mm, 모르타르 30mm | D48: M | E48: =일위대가!F351 -> 10258 | F48: =일위대가!H351 -> 13488 | G48: =일위대가!J351 -> 130 | H48: =E48+F48+G48 -> 23876 | I48: 호표 45 | J48: 공통 7-4-1 | M48: 공통 7-4-1
A49: 5A1655EDB977E96F536E50EBA9DA97 | B49: 화강석붙임(습식, 물갈기) | C49: 걸레받이, 포천석 100*25mm, 모르타르 18mm | D49: M | E49: =일위대가!F357 -> 0 | F49: =일위대가!H357 -> 30686 | G49: =일위대가!J357 -> 610 | H49: =E49+F49+G49 -> 31296 | I49: 호표 46 | J49: 건축 5-2-6 | M49: 건축 5-2-6
A50: 5A1655EDB977BC21638F5CAA69550E | B50: 화강석 두겁돌(습식, 물갈기) | C50: 포천석 300*40mm, 모르타르 30mm | D50: M | E50: =일위대가!F363 -> 0 | F50: =일위대가!H363 -> 33952 | G50: =일위대가!J363 -> 330 | H50: =E50+F50+G50 -> 34282 | I50: 호표 47 | J50: 공통 7-4-1 | M50: 공통 7-4-1
A51: 5A1655EDB977BC10F39959D8C9905B | B51: 세면기설치(인조대리석) | D51: EA | E51: =일위대가!F367 -> 83333 | F51: =일위대가!H367 -> 0 | G51: =일위대가!J367 -> 0 | H51: =E51+F51+G51 -> 83333 | I51: 호표 48
A52: 5A1655EE467545C403E5567919747C | B52: 타일 압착 붙이기(바탕 24mm+압 5mm) | C52: 바닥, 300*300(타일C, 백색줄눈) | D52: M2 | E52: =일위대가!F373 -> 1642 | F52: =일위대가!H373 -> 44737 | G52: =일위대가!J373 -> 1105 | H52: =E52+F52+G52 -> 47484 | I52: 호표 49 | J52: 건축 3-2-2, -1-2 | M52: 건축 3-2-2, -1-2
A53: 5A1655EE447A6E1A6396518819821E | B53: 타일 압착 붙이기(바탕 12mm+압 6mm) | C53: 벽, 300*300(타일C, 백색줄눈) | D53: M2 | E53: =일위대가!F379 -> 2186 | F53: =일위대가!H379 -> 55009 | G53: =일위대가!J379 -> 1395 | H53: =E53+F53+G53 -> 58590 | I53: 호표 50 | J53: 건축 3-2-2, -1-2 | M53: 건축 3-2-2, -1-2
A54: 5A16F5F9C872858EC3105371C9B5B5 | B54: 타일벽코너가드 | C54: 스테인리스 1.2t*30*30(코킹 5*5) | D54: M | E54: =일위대가!F389 -> 4126 | F54: =일위대가!H389 -> 20935 | G54: =일위대가!J389 -> 381 | H54: =E54+F54+G54 -> 25442 | I54: 호표 51
A55: 5A160567CB7AF5BA639E59EB795EBE | B55: 시멘트 액체방수 | C55: 바닥 | D55: M2 | E55: =일위대가!F396 -> 654 | F55: =일위대가!H396 -> 21829 | G55: =일위대가!J396 -> 0 | H55: =E55+F55+G55 -> 22483 | I55: 호표 52 | J55: 건축 12-7-2 | M55: 건축 12-7-2
A56: 5A160567C87DAD6223BF5AE61975A1 | B56: 시멘트 액체방수 | C56: 벽 | D56: M2 | E56: =일위대가!F403 -> 513 | F56: =일위대가!H403 -> 17132 | G56: =일위대가!J403 -> 0 | H56: =E56+F56+G56 -> 17645 | I56: 호표 53 | J56: 건축 12-7-2 | M56: 건축 12-7-2
A57: 5A160567C87DAD6223BF5AE61975A0 | B57: 시멘트 액체방수 | C57: 천정 | D57: M2 | E57: =일위대가!F410 -> 513 | F57: =일위대가!H410 -> 17132 | G57: =일위대가!J410 -> 0 | H57: =E57+F57+G57 -> 17645 | I57: 호표 54 | J57: 건축 12-7-2 | M57: 건축 12-7-2
A58: 5A16056F01792C2033145C21B9675B | B58: 고무아스팔트 도막방수 / 바닥 | C58: FINE SEAL COAT 도막방수, 3.0t, A-Type | D58: M2 | E58: =일위대가!F418 -> 13350 | F58: =일위대가!H418 -> 40951 | G58: =일위대가!J418 -> 0 | H58: =E58+F58+G58 -> 54301 | I58: 호표 55
A59: 5A16056F01792C2033145C21B96758 | B59: 고무아스팔트 도막방수 / 벽 | C59: FINE SEAL COAT 도막방수, 3.0t, A-Type | D59: M2 | E59: =일위대가!F426 -> 13350 | F59: =일위대가!H426 -> 40951 | G59: =일위대가!J426 -> 0 | H59: =E59+F59+G59 -> 54301 | I59: 호표 56
A60: 5A16056D537344B653E558A3E90347 | B60: 무기질탄성도막방수 | C60: RH-3공법, 비노출, 바닥(K.S. 및 친환경 인증) | D60: M2 | E60: =일위대가!F433 -> 9264 | F60: =일위대가!H433 -> 20085 | G60: =일위대가!J433 -> 0 | H60: =E60+F60+G60 -> 29349 | I60: 호표 57
A61: 5A16056D50760ECE53C5535EC902A3 | B61: 무기질탄성도막방수 | C61: RH-3공법, 비노출, 벽체(K.S. 및 친환경 인증) | D61: M2 | E61: =일위대가!F440 -> 9264 | F61: =일위대가!H440 -> 22955 | G61: =일위대가!J440 -> 0 | H61: =E61+F61+G61 -> 32219 | I61: 호표 58
A62: 5A1605624979513D93205EE2E9601F | B62: 폴리우레아방수 | C62: 바닥 | D62: M2 | E62: =일위대가!F449 -> 36750 | F62: =일위대가!H449 -> 19649 | G62: =일위대가!J449 -> 0 | H62: =E62+F62+G62 -> 56399 | I62: 호표 59
A63: 5A1605624979513D93205EE2E9601C | B63: 폴리우레아방수 | C63: 천장 | D63: M2 | E63: =일위대가!F458 -> 36750 | F63: =일위대가!H458 -> 19649 | G63: =일위대가!J458 -> 0 | H63: =E63+F63+G63 -> 56399 | I63: 호표 60
A64: 5A1605624979513D93205EE2E9601D | B64: 폴리우레아방수 | C64: 벽 | D64: M2 | E64: =일위대가!F467 -> 36750 | F64: =일위대가!H467 -> 19649 | G64: =일위대가!J467 -> 0 | H64: =E64+F64+G64 -> 56399 | I64: 호표 61
A65: 5A1605636E7F11F393E850BF29D92A | B65: 배수판설치 | C65: 지하용수, 500*500*45mm | D65: M2 | E65: =일위대가!F474 -> 9380 | F65: =일위대가!H474 -> 6138 | G65: =일위대가!J474 -> 0 | H65: =E65+F65+G65 -> 15518 | I65: 호표 62
A66: 5A1605636D7EB345336E593BE9032936 | B66: 배수판설치 | C66: 벽, T70 | D66: M2 | E66: =일위대가!F482 -> 17862 | F66: =일위대가!H482 -> 22097 | G66: =일위대가!J482 -> 0 | H66: =E66+F66+G66 -> 39959 | I66: 호표 63
A67: 5A16056477791B086392586729D617 | B67: 보호모르타르 / 바닥 | C67: 콘크리트면, 24mm | D67: M2 | E67: =일위대가!F487 -> 0 | F67: =일위대가!H487 -> 11489 | G67: =일위대가!J487 -> 185 | H67: =E67+F67+G67 -> 11674 | I67: 호표 64 | J67: 건축 3-1-1 | M67: 건축 3-1-1
A68: 5A16056477791B35B31750A91918D8 | B68: 보호모르타르 / 벽 | C68: 콘크리트면, 18mm | D68: M2 | E68: =일위대가!F492 -> 0 | F68: =일위대가!H492 -> 14108 | G68: =일위대가!J492 -> 249 | H68: =E68+F68+G68 -> 14357 | I68: 호표 65 | J68: 건축 3-1-1 | M68: 건축 3-1-1
A69: 5A16056477791B35834657F8F98528 | B69: 보호모르타르 / 천정 | C69: 콘크리트면, 15mm | D69: M2 | E69: =일위대가!F497 -> 0 | F69: =일위대가!H497 -> 13832 | G69: =일위대가!J497 -> 249 | H69: =E69+F69+G69 -> 14081 | I69: 호표 66 | J69: 건축 3-1-1 | M69: 건축 3-1-1
A70: 5A160568D2782011938B5B08D9F3DB | B70: 수밀코킹(실리콘) | C70: 삼각, 10mm, 창호주위 | D70: M | E70: =일위대가!F502 -> 565 | F70: =일위대가!H502 -> 4542 | G70: =일위대가!J502 -> 0 | H70: =E70+F70+G70 -> 5107 | I70: 호표 67 | J70: 건축 6-6-1 | M70: 건축 6-6-1
A71: 5A1635A1B87AE6A603A75B6529B4BA | B71: 루프드레인 설치 | C71: 수직형, D100㎜ | D71: 개소 | E71: =일위대가!F508 -> 51632 | F71: =일위대가!H508 -> 37723 | G71: =일위대가!J508 -> 0 | H71: =E71+F71+G71 -> 89355 | I71: 호표 68 | J71: 건축 7-3-1 | M71: 건축 7-3-1
A72: 5A1625BFE176813A83005DD8F999B1 | B72: 와이어메시 바닥깔기 | C72: #8-150*150 | D72: M2 | E72: =일위대가!F514 -> 2270 | F72: =일위대가!H514 -> 1007 | G72: =일위대가!J514 -> 0 | H72: =E72+F72+G72 -> 3277 | I72: 호표 69 | J72: 건축 8-1-3 | M72: 건축 8-1-3
A73: 5A1625BC287610B813E453F9C97BF1 | B73: 트랜치/주차통로 | C73: 아연도그레이팅, W200. I-50*5*3t | D73: M | E73: =일위대가!F526 -> 45404 | F73: =일위대가!H526 -> 62727 | G73: =일위대가!J526 -> 1951 | H73: =E73+F73+G73 -> 110082 | I73: 호표 70
A74: 5A1625BC287610AFC3C25E9679D4FC | B74: 오픈트랜치 | C74: 한면, L-25*25*3t 아연도금 | D74: M | E74: =일위대가!F535 -> 1280 | F74: =일위대가!H535 -> 9850 | G74: =일위대가!J535 -> 311 | H74: =E74+F74+G74 -> 11441 | I74: 호표 71
A75: 5A1625B8B37A140633BF5B00A95675 | B75: 스테인리스핸드레일 | C75: D50.8+25.4*1.5t, H:900 | D75: M | E75: =일위대가!F544 -> 18311 | F75: =일위대가!H544 -> 26553 | G75: =일위대가!J544 -> 533 | H75: =E75+F75+G75 -> 45397 | I75: 호표 72
A76: 5A1625B8B07ECF44C3B65C8049E00A | B76: 스틸난간대설치 | C76: D50.8+25.4*1.4t, H:900 | D76: M | E76: =일위대가!F555 -> 5638 | F76: =일위대가!H555 -> 28521 | G76: =일위대가!J555 -> 453 | H76: =E76+F76+G76 -> 34612 | I76: 호표 73
A77: 5A1625B95B73196393685E766983DF | B77: 스테인리스사다리 / ELEV PIT | C77: 400*1800, D38.1+22.3*2t | D77: 개 | E77: =일위대가!F559 -> 55989 | F77: =일위대가!H559 -> 96579 | G77: =일위대가!J559 -> 3096 | H77: =E77+F77+G77 -> 155664 | I77: 호표 74
A78: 5A1625BC2F791FE7C31252C4199D9F | B78: 스틸점검구뚜껑 | C78: 아연GT, 600*600. I-50*5*3t | D78: 개 | E78: =일위대가!F569 -> 10474 | F78: =일위대가!H569 -> 80526 | G78: =일위대가!J569 -> 2573 | H78: =E78+F78+G78 -> 93573 | I78: 호표 75
A79: 5A16F5F2987B160C23B45C63A93C06 | B79: 모르타르 바름 | C79: 바닥, 40mm | D79: M2 | E79: =일위대가!F574 -> 0 | F79: =일위대가!H574 -> 12957 | G79: =일위대가!J574 -> 185 | H79: =E79+F79+G79 -> 13142 | I79: 호표 76 | J79: 건축 3-1-1 준용 | M79: 건축 3-1-1 준용
A80: 5A16F5F29D73671DB3F654E0792DE8 | B80: 표면 마무리 | C80: 기계마감 | D80: M2 | E80: =일위대가!F579 -> 0 | F80: =일위대가!H579 -> 479 | G80: =일위대가!J579 -> 43 | H80: =E80+F80+G80 -> 522 | I80: 호표 77 | J80: 건축 9-1-4 | M80: 건축 9-1-4
A81: 5A16F5F29D73671DB3F654E0792DE9 | B81: 표면 마무리 | C81: 기계마감, 방수하부 | D81: M2 | E81: =일위대가!F584 -> 0 | F81: =일위대가!H584 -> 479 | G81: =일위대가!J584 -> 43 | H81: =E81+F81+G81 -> 522 | I81: 호표 78 | J81: 건축 9-1-4 | M81: 건축 9-1-4
A82: 5A16F5F29D73671DA3EF558D59B10D | B82: 조면처리 | D82: M2 | E82: =일위대가!F588 -> 0 | F82: =일위대가!H588 -> 653 | G82: =일위대가!J588 -> 0 | H82: =E82+F82+G82 -> 653 | I82: 호표 79 | J82: 건축 9-1-4 | M82: 건축 9-1-4
A83: 5A16F5F2987B3121D3A05E073916B4 | B83: 모르타르 바름 | C83: 내벽, 18mm, 3.6m 이하 | D83: M2 | E83: =일위대가!F593 -> 0 | F83: =일위대가!H593 -> 30374 | G83: =일위대가!J593 -> 574 | H83: =E83+F83+G83 -> 30948 | I83: 호표 80 | J83: 건축 9-1-2 | M83: 건축 9-1-2
A84: 5A16F5F2987B312193C5511F29D978 | B84: 모르타르 바름 | C84: 외벽, 18mm | D84: M2 | E84: =일위대가!F598 -> 0 | F84: =일위대가!H598 -> 30374 | G84: =일위대가!J598 -> 574 | H84: =E84+F84+G84 -> 30948 | I84: 호표 81 | J84: 건축 9-1-2 | M84: 건축 9-1-2
A85: 5A16F5F29B70648453275BF6E953B5 | B85: 콘크리트면처리 | C85: 내벽 | D85: M2 | E85: =일위대가!F605 -> 0 | F85: =일위대가!H605 -> 4674 | G85: =일위대가!J605 -> 0 | H85: =E85+F85+G85 -> 4674 | I85: 호표 82 | J85: 건축 9-2-3 | M85: 건축 9-2-3
A86: 5A16F5F29B70648453275BF6E953B6 | B86: 콘크리트면처리 | C86: 외벽 | D86: M2 | E86: =일위대가!F612 -> 0 | F86: =일위대가!H612 -> 4674 | G86: =일위대가!J612 -> 0 | H86: =E86+F86+G86 -> 4674 | I86: 호표 83 | J86: 건축 9-2-3 | M86: 건축 9-2-3
A87: 5A16F5F29B70648453275BF6E953B7 | B87: 콘크리트면처리 | C87: 외벽, 방수하부 | D87: M2 | E87: =일위대가!F619 -> 0 | F87: =일위대가!H619 -> 4674 | G87: =일위대가!J619 -> 0 | H87: =E87+F87+G87 -> 4674 | I87: 호표 84 | J87: 건축 9-2-3 | M87: 건축 9-2-3
A88: 5A16F5F29B70648453275BF6F97890 | B88: 콘크리트면처리 | C88: 내천정 | D88: M2 | E88: =일위대가!F627 -> 0 | F88: =일위대가!H627 -> 5609 | G88: =일위대가!J627 -> 0 | H88: =E88+F88+G88 -> 5609 | I88: 호표 85 | J88: 건축 9-2-3 | M88: 건축 9-2-3
A89: 5A16458F2676BB02C3A55395E998F6 | B89: 창호주위 발포우레탄 충전 | D89: M | E89: =일위대가!F632 -> 0 | F89: =일위대가!H632 -> 2158 | G89: =일위대가!J632 -> 0 | H89: =E89+F89+G89 -> 2158 | I89: 호표 86 | J89: 건축 9-3-2 | M89: 건축 9-3-2
A90: 5A16458F2676BB1333975F1B99B492 | B90: 창호주위 모르타르 충전 | D90: M | E90: =일위대가!F640 -> 0 | F90: =일위대가!H640 -> 3604 | G90: =일위대가!J640 -> 72 | H90: =E90+F90+G90 -> 3676 | I90: 호표 87 | J90: 건축 9-3-1 | M90: 건축 9-3-1
A91: 5A16458B45773054E3F55B5DE95AC8 | B91: 알루미늄창호 | D91: M2 | E91: =일위대가!F644 -> 213000 | F91: =일위대가!H644 -> 0 | G91: =일위대가!J644 -> 0 | H91: =E91+F91+G91 -> 213000 | I91: 호표 88
A92: 5A164588F27D9B9FC3BB552BF97A23 | B92: 철재도어 | C92: 편개문 | D92: 개소 | E92: =일위대가!F649 -> 266666 | F92: =일위대가!H649 -> 103142 | G92: =일위대가!J649 -> 3094 | H92: =E92+F92+G92 -> 372902 | I92: 호표 89
A93: 5A164588F27D9B9FC3BB552BF97A20 | B93: 철재도어 | C93: 양개문 | D93: 개소 | E93: =일위대가!F654 -> 479999 | F93: =일위대가!H654 -> 133770 | G93: =일위대가!J654 -> 4013 | H93: =E93+F93+G93 -> 617782 | I93: 호표 90
A94: 5A16458B45773054E3F55B5DE95ACB | B94: 스테인리스창호 | D94: M2 | E94: =일위대가!F658 -> 200000 | F94: =일위대가!H658 -> 0 | G94: =일위대가!J658 -> 0 | H94: =E94+F94+G94 -> 200000 | I94: 호표 91
A95: 5A16458F23790A4693F15B46C9C3D8 | B95: 도어체크 설치 | C95: 재료비 별도 | D95: 개소 | E95: =일위대가!F664 -> 0 | F95: =일위대가!H664 -> 17056 | G95: =일위대가!J664 -> 341 | H95: =E95+F95+G95 -> 17397 | I95: 호표 92 | J95: 건축 10-2-1 | M95: 건축 10-2-1
A96: 5A16458F2379524F83485BF1697E66 | B96: 도어록 설치 / 일반도어록 강재창호 | C96: 재료비 별도 | D96: 개소 | E96: =일위대가!F669 -> 0 | F96: =일위대가!H669 -> 4934 | G96: =일위대가!J669 -> 98 | H96: =E96+F96+G96 -> 5032 | I96: 호표 93 | J96: 건축 10-2-3 | M96: 건축 10-2-3
A97: 5A16458F207C374FA3B45B19994A0B | B97: 플로어힌지 설치 | C97: 재료비 별도 | D97: 개소 | E97: =일위대가!F675 -> 0 | F97: =일위대가!H675 -> 26410 | G97: =일위대가!J675 -> 528 | H97: =E97+F97+G97 -> 26938 | I97: 호표 94 | J97: 건축 10-2-2 | M97: 건축 10-2-2
A98: 5A16458E1A7F7A0273105FC039CBBE | B98: 창호유리설치 / 판유리 | C98: 유리두께 9mm 이하 | D98: M2 | E98: =일위대가!F680 -> 0 | F98: =일위대가!H680 -> 20864 | G98: =일위대가!J680 -> 0 | H98: =E98+F98+G98 -> 20864 | I98: 호표 95 | J98: 건축 10-3-1 | M98: 건축 10-3-1
A99: 5A164581437EB9EE8345586DE96B7E | B99: 창호유리설치 / 복층유리 | C99: 유리두께 24mm 이하 | D99: M2 | E99: =일위대가!F685 -> 0 | F99: =일위대가!H685 -> 27292 | G99: =일위대가!J685 -> 0 | H99: =E99+F99+G99 -> 27292 | I99: 호표 96 | J99: 건축 10-3-1 | M99: 건축 10-3-1
A100: 5A160568D37A656163CA534C99D099 | B100: 유리주위 코킹 | C100: 5*5, 실리콘 | D100: M | E100: =일위대가!F689 -> 282 | F100: =일위대가!H689 -> 0 | G100: =일위대가!J689 -> 0 | H100: =E100+F100+G100 -> 282 | I100: 호표 97 | J100: 건축 6-6-1 | M100: 건축 6-6-1
...

Sheet 일위대가
A1: [ 업무시설 ]
A2: 품 명 | B2: 규 격 | C2: 단위 | D2: 수량 | E2: 재 료 비 | G2: 노 무 비 | I2: 경 비 | K2: 합 계 | M2: 비 고 | N2: 일위대가 | O2: 품목코드 | P2: 일위 | Q2: 단산 | R2: 자재 | S2: 손료적용 | T2: 손료저장 | U2: 적용율 | V2: JUK1 | W2: JUK2 | X2: JUK3 | Y2: JUK4 | Z2: JUK5 | AA2: JUK6 | AB2: JUK7 | AC2: JUK8 | AD2: JUK9 | AE2: JUK10 | AF2: JUK11 | AG2: JUK12 | AH2: JUK13 | AI2: JUK14 | AJ2: JUK15 | AK2: JUK16 | AL2: JUK17 | AM2: JUK18 | AN2: JUK19 | AO2: JUK20 | AP2: 할증적용 | AQ2: 할증저장 | AR2: 할증율 | AS2: HAL1 | AT2: HAL2 | AU2: HAL3 | AV2: 자재구분 | AW2: 일위대가+자재 | AX2: 장비일위 | AY2: 설정
E3: 단 가 | F3: 금 액 | G3: 단 가 | H3: 금 액 | I3: 단 가 | J3: 금 액 | K3: 단 가 | L3: 금 액
A4: 조립식가설울타리/E.G.I철판 H=2.4, 12개월 M 토목 2-3-2 ( 호표 1 ) | N4: 5A16950BD57D4F7AF3F35FA769ECF0
A5: 조립식 가설울타리 부재 | B5: EGI철판, 550*2400 | C5: 매 | D5: 0.76 | E5: =단가대비표!O138 -> 11280 | F5: =TRUNC(E5*D5,1) -> 8572.8 | G5: =단가대비표!P138 -> 0 | H5: =TRUNC(G5*D5,1) -> 0 | I5: =단가대비표!V138 -> 0 | J5: =TRUNC(I5*D5,1) -> 0 | K5: =TRUNC(E5+G5+I5,1) -> 11280 | L5: =TRUNC(F5+H5+J5,1) -> 8572.8 | M5: 금액제외 | O5: 5D30A596ED736D7F939255D38920A14BB0625E | P5: F | Q5: F | R5: T | X5: 3 | AW5: 5A16950BD57D4F7AF3F35FA769ECF05D30A596ED736D7F939255D38920A14BB0625E | AY5: -
A6: 강관비계 | B6: 강관비계, 비계파이프, 48.6*2.3mm | C6: M | D6: 1.254 | E6: =단가대비표!O122 -> 2666.66 | F6: =TRUNC(E6*D6,1) -> 3343.9 | G6: =단가대비표!P122 -> 0 | H6: =TRUNC(G6*D6,1) -> 0 | I6: =단가대비표!V122 -> 0 | J6: =TRUNC(I6*D6,1) -> 0 | K6: =TRUNC(E6+G6+I6,1) -> 2666.6 | L6: =TRUNC(F6+H6+J6,1) -> 3343.9 | M6: 금액제외 | O6: 5D30A596ED736D42436D501189170AE98EA34D | P6: F | Q6: F | R6: T | X6: 3 | AW6: 5A16950BD57D4F7AF3F35FA769ECF05D30A596ED736D42436D501189170AE98EA34D | AY6: -
A7: 강관비계 부속철물 | B7: 클램프 고정,자동 | C7: 개 | D7: 0.4826 | E7: =단가대비표!O127 -> 1200 | F7: =TRUNC(E7*D7,1) -> 579.1 | G7: =단가대비표!P127 -> 0 | H7: =TRUNC(G7*D7,1) -> 0 | I7: =단가대비표!V127 -> 0 | J7: =TRUNC(I7*D7,1) -> 0 | K7: =TRUNC(E7+G7+I7,1) -> 1200 | L7: =TRUNC(F7+H7+J7,1) -> 579.1 | M7: 금액제외 | O7: 5D30A596ED736D42436D501189170AE98F4A3F | P7: F | Q7: F | R7: T | X7: 3 | AW7: 5A16950BD57D4F7AF3F35FA769ECF05D30A596ED736D42436D501189170AE98F4A3F | AY7: -
A8: 강관비계 부속철물 | B8: 이음철물, 연결핀 | C8: 개 | D8: 0.1064 | E8: =단가대비표!O123 -> 873 | F8: =TRUNC(E8*D8,1) -> 92.8 | G8: =단가대비표!P123 -> 0 | H8: =TRUNC(G8*D8,1) -> 0 | I8: =단가대비표!V123 -> 0 | J8: =TRUNC(I8*D8,1) -> 0 | K8: =TRUNC(E8+G8+I8,1) -> 873 | L8: =TRUNC(F8+H8+J8,1) -> 92.8 | M8: 금액제외 | O8: 5D30A596ED736D42436D501189170AE98F4A38 | P8: F | Q8: F | R8: T | X8: 3 | AW8: 5A16950BD57D4F7AF3F35FA769ECF05D30A596ED736D42436D501189170AE98F4A38 | AY8: -
A9: 조립식 가설울타리 부재 | B9: 볼트/넛트 | C9: 개 | D9: 2.5327 | E9: =단가대비표!O140 -> 508 | F9: =TRUNC(E9*D9,1) -> 1286.6 | G9: =단가대비표!P140 -> 0 | H9: =TRUNC(G9*D9,1) -> 0 | I9: =단가대비표!V140 -> 0 | J9: =TRUNC(I9*D9,1) -> 0 | K9: =TRUNC(E9+G9+I9,1) -> 508 | L9: =TRUNC(F9+H9+J9,1) -> 1286.6 | M9: 금액제외 | O9: 5D30A596ED736D7F939255D38920A14BB0663B | P9: F | Q9: F | R9: T | X9: 3 | AW9: 5A16950BD57D4F7AF3F35FA769ECF05D30A596ED736D7F939255D38920A14BB0663B | AY9: -
A10: CONC인력비빔타설 / 가설 - 17년 1분기 삭제 | B10: 무근울타리기초 | C10: M3 | D10: 0.038 | E10: =일위대가목록!E126 -> 0 | F10: =TRUNC(E10*D10,1) -> 0 | G10: =일위대가목록!F126 -> 0 | H10: =TRUNC(G10*D10,1) -> 0 | I10: =일위대가목록!G126 -> 526533 | J10: =TRUNC(I10*D10,1) -> 20008.2 | K10: =TRUNC(E10+G10+I10,1) -> 526533 | L10: =TRUNC(F10+H10+J10,1) -> 20008.2 | M10: 금액제외 | O10: 5A16950802752032A3625FDB29CF77 | P10: T | Q10: F | R10: F | X10: 3 | AW10: 5A16950BD57D4F7AF3F35FA769ECF05A16950802752032A3625FDB29CF77 | AY10: -
A11: 비계공 | B11: 일반공사 직종 | C11: 인 | D11: 0.04 | E11: =단가대비표!O235 -> 0 | F11: =TRUNC(E11*D11,1) -> 0 | G11: =단가대비표!P235 -> 236858 | H11: =TRUNC(G11*D11,1) -> 9474.3 | I11: =단가대비표!V235 -> 0 | J11: =TRUNC(I11*D11,1) -> 0 | K11: =TRUNC(E11+G11+I11,1) -> 236858 | L11: =TRUNC(F11+H11+J11,1) -> 9474.3 | M11: 금액제외 | O11: 5AC235BE0A707BF6C349567599F97ED497CF73 | P11: F | Q11: F | R11: T | V11: 1 | W11: 2 | X11: 3 | AW11: 5A16950BD57D4F7AF3F35FA769ECF05AC235BE0A707BF6C349567599F97ED497CF73 | AY11: -
A12: 보통인부 | B12: 일반공사 직종 | C12: 인 | D12: 0.02 | E12: =단가대비표!O233 -> 0 | F12: =TRUNC(E12*D12,1) -> 0 | G12: =단가대비표!P233 -> 138989 | H12: =TRUNC(G12*D12,1) -> 2779.7 | I12: =단가대비표!V233 -> 0 | J12: =TRUNC(I12*D12,1) -> 0 | K12: =TRUNC(E12+G12+I12,1) -> 138989 | L12: =TRUNC(F12+H12+J12,1) -> 2779.7 | M12: 금액제외 | O12: 5AC235BE0A707BF6C349567599F97ED497CF77 | P12: F | Q12: F | R12: T | V12: 1 | W12: 2 | X12: 3 | AW12: 5A16950BD57D4F7AF3F35FA769ECF05AC235BE0A707BF6C349567599F97ED497CF77 | AY12: -
A13: 공구손료 | B13: 인력품의 5% | C13: 식 | D13: 1 | E13: =TRUNC(SUMIF(V5:V16, RIGHTB(O13, 1), H5:H16)*U13, 2) -> 612.7 | F13: =TRUNC(E13*D13,1) -> 612.7 | G13: 0 | H13: =TRUNC(G13*D13,1) -> 0 | I13: 0 | J13: =TRUNC(I13*D13,1) -> 0 | K13: =TRUNC(E13+G13+I13,1) -> 612.7 | L13: =TRUNC(F13+H13+J13,1) -> 612.7 | M13: 금액제외 | O13: 5B0FE5AE7477F3C133A45DE3096D001 | P13: F | Q13: F | R13: F | S13: 1 | T13: 0 | U13: 0.05 | X13: 3 | AW13: 5A16950BD57D4F7AF3F35FA769ECF05B0FE5AE7477F3C133A45DE3096D001 | AY13: -
A14: 굴삭기(무한궤도) | B14: 0.2㎥ | C14: HR | D14: 0.05 | E14: =일위대가목록!E127 -> 6255 | F14: =TRUNC(E14*D14,1) -> 312.7 | G14: =일위대가목록!F127 -> 42474 | H14: =TRUNC(G14*D14,1) -> 2123.7 | I14: =일위대가목록!G127 -> 12301 | J14: =TRUNC(I14*D14,1) -> 615 | K14: =TRUNC(E14+G14+I14,1) -> 61030 | L14: =TRUNC(F14+H14+J14,1) -> 3051.4 | M14: 금액제외 | O14: 5D0B55B1397E340AE3CF5B03B99D8261B1EE9F3A | P14: T | Q14: F | R14: F | X14: 3 | AW14: 5A16950BD57D4F7AF3F35FA769ECF05D0B55B1397E340AE3CF5B03B99D8261B1EE9F3A | AY14: -
A15: 해체 | B15: 설치품의 40% | C15: 식 | D15: 1 | E15: 0 | F15: =TRUNC(E15*D15,1) -> 0 | G15: =TRUNC(SUMIF(W5:W16, RIGHTB(O15, 1), H5:H16)*U15, 2) -> 4901.6 | H15: =TRUNC(G15*D15,1) -> 4901.6 | I15: 0 | J15: =TRUNC(I15*D15,1) -> 0 | K15: =TRUNC(E15+G15+I15,1) -> 4901.6 | L15: =TRUNC(F15+H15+J15,1) -> 4901.6 | M15: 금액제외 | O15: 5B0FE5AE7477F3C133A45DE3096E002 | P15: F | Q15: F | R15: F | S15: 1 | T15: 1 | U15: 0.4 | X15: 3 | AW15: 5A16950BD57D4F7AF3F35FA769ECF05B0FE5AE7477F3C133A45DE3096E002 | AY15: -
A16: 경비로 적용 | B16: 합계의 100% | C16: 식 | D16: 1 | E16: 0 | F16: =TRUNC(E16*D16,1) -> 0 | G16: 0 | H16: =TRUNC(G16*D16,1) -> 0 | I16: =TRUNC(SUMIF(X5:X16, RIGHTB(O16, 1), L5:L16)*U16, 2) -> 54703.1 | J16: =TRUNC(I16*D16,1) -> 54703.1 | K16: =TRUNC(E16+G16+I16,1) -> 54703.1 | L16: =TRUNC(F16+H16+J16,1) -> 54703.1 | N16: 5A16950BD57D4F7AF3F35FA769ECF0 | O16: 5B0FE5AE7477F3C133A45DE3096F003 | P16: F | Q16: F | R16: F | S16: 3 | T16: 2 | U16: 1 | AW16: 5A16950BD57D4F7AF3F35FA769ECF05B0FE5AE7477F3C133A45DE3096E002
A17: [ 합 계 ] | F17: =TRUNC(SUMIF(N5:N16, N4, F5:F16),0) -> 0 | H17: =TRUNC(SUMIF(N5:N16, N4, H5:H16),0) -> 0 | J17: =TRUNC(SUMIF(N5:N16, N4, J5:J16),0) -> 54703 | L17: =F17+H17+J17 -> 54703 | N17: TOTAL | O17: TOTAL
A19: 가설게이트 EA ( 호표 2 ) | N19: 5A16950EA97B5424F3CC512B39781F
A20: 일반구조용각형강관 | B20: 일반구조용각형강관, 각형강관, 50*30*1.6mm | C20: M | D20: 135.744 | E20: =단가대비표!O220 -> 1495 | F20: =TRUNC(E20*D20,1) -> 202937.2 | G20: =단가대비표!P220 -> 0 | H20: =TRUNC(G20*D20,1) -> 0 | I20: =단가대비표!V220 -> 0 | J20: =TRUNC(I20*D20,1) -> 0 | K20: =TRUNC(E20+G20+I20,1) -> 1495 | L20: =TRUNC(F20+H20+J20,1) -> 202937.2 | M20: 금액제외 | O20: 5D4105E3FB7367AFC33F549059F2BDC6620103 | P20: F | Q20: F | R20: T | V20: 1 | AW20: 5A16950EA97B5424F3CC512B39781F5D4105E3FB7367AFC33F549059F2BDC6620103 | AY20: -
A21: 조립식 가설울타리 부재 | B21: EGI철판, 550*2400 | C21: M2 | D21: 24 | E21: =단가대비표!O139 -> 9000 | F21: =TRUNC(E21*D21,1) -> 216000 | G21: =단가대비표!P139 -> 0 | H21: =TRUNC(G21*D21,1) -> 0 | I21: =단가대비표!V139 -> 0 | J21: =TRUNC(I21*D21,1) -> 0 | K21: =TRUNC(E21+G21+I21,1) -> 9000 | L21: =TRUNC(F21+H21+J21,1) -> 216000 | M21: 금액제외 | O21: 5D30A596ED736D7F939255D38920A14BB0625D | P21: F | Q21: F | R21: T | V21: 1 | AW21: 5A16950EA97B5424F3CC512B39781F5D30A596ED736D7F939255D38920A14BB0625D | AY21: -
A22: 일반구조용각형강관 | B22: 일반구조용각형강관, 각형강관, 100*50*2.3mm | C22: M | D22: 20.54 | E22: =단가대비표!O221 -> 3884 | F22: =TRUNC(E22*D22,1) -> 79777.3 | G22: =단가대비표!P221 -> 0 | H22: =TRUNC(G22*D22,1) -> 0 | I22: =단가대비표!V221 -> 0 | J22: =TRUNC(I22*D22,1) -> 0 | K22: =TRUNC(E22+G22+I22,1) -> 3884 | L22: =TRUNC(F22+H22+J22,1) -> 79777.3 | M22: 금액제외 | O22: 5D4105E3FB7367AFC33F549059F2BDC663127A | P22: F | Q22: F | R22: T | V22: 1 | AW22: 5A16950EA97B5424F3CC512B39781F5D4105E3FB7367AFC33F549059F2BDC663127A | AY22: -
A23: 일반구조용각형강관 | B23: 일반구조용각형강관, 각형강관, 100*100*2.3mm | C23: M | D23: 17.92 | E23: =단가대비표!O219 -> 5256 | F23: =TRUNC(E23*D23,1) -> 94187.5 | G23: =단가대비표!P219 -> 0 | H23: =TRUNC(G23*D23,1) -> 0 | I23: =단가대비표!V219 -> 0 | J23: =TRUNC(I23*D23,1) -> 0 | K23: =TRUNC(E23+G23+I23,1) -> 5256 | L23: =TRUNC(F23+H23+J23,1) -> 94187.5 | M23: 금액제외 | O23: 5D4105E3FB7367AFC33F549059F2BDC6620A65 | P23: F | Q23: F | R23: T | V23: 1 | AW23: 5A16950EA97B5424F3CC512B39781F5D4105E3FB7367AFC33F549059F2BDC6620A65 | AY23: -
A24: 경량형강 | B24: 경량형강, 칼라C형강, 100*50*20, t3.2 | C24: TON | D24: 0.0308 | E24: =단가대비표!O47 -> 603000 | F24: =TRUNC(E24*D24,1) -> 18572.4 | G24: =단가대비표!P47 -> 0 | H24: =TRUNC(G24*D24,1) -> 0 | I24: =단가대비표!V47 -> 0 | J24: =TRUNC(I24*D24,1) -> 0 | K24: =TRUNC(E24+G24+I24,1) -> 603000 | L24: =TRUNC(F24+H24+J24,1) -> 18572.4 | M24: 금액제외 | O24: 5D30A596E47DBF41331850FF69C85AB13A893D | P24: F | Q24: F | R24: T | V24: 1 | AW24: 5A16950EA97B5424F3CC512B39781F5D30A596E47DBF41331850FF69C85AB13A893D | AY24: -
A25: 일반구조용압연강판 | B25: 일반구조용압연강판, 9.0mm | C25: TON | D25: 16.91 | E25: =단가대비표!O52 -> 678192 | F25: =TRUNC(E25*D25,1) -> 11468227 | G25: =단가대비표!P52 -> 0 | H25: =TRUNC(G25*D25,1) -> 0 | I25: =단가대비표!V52 -> 0 | J25: =TRUNC(I25*D25,1) -> 0 | K25: =TRUNC(E25+G25+I25,1) -> 678192 | L25: =TRUNC(F25+H25+J25,1) -> 11468227 | M25: 금액제외 | O25: 5D30A596E47D83DD93B9541CB9F1154C197B04 | P25: F | Q25: F | R25: T | V25: 1 | AW25: 5A16950EA97B5424F3CC512B39781F5D30A596E47D83DD93B9541CB9F1154C197B04 | AY25: -
A26: 앵커볼트 | B26: 앵커볼트, M19*600mm | C26: 개 | D26: 4.266 | E26: =단가대비표!O184 -> 1798 | F26: =TRUNC(E26*D26,1) -> 7670.2 | G26: =단가대비표!P184 -> 0 | H26: =TRUNC(G26*D26,1) -> 0 | I26: =단가대비표!V184 -> 0 | J26: =TRUNC(I26*D26,1) -> 0 | K26: =TRUNC(E26+G26+I26,1) -> 1798 | L26: =TRUNC(F26+H26+J26,1) -> 7670.2 | M26: 금액제외 | O26: 5D30B5BCE1728BD9333453A299C328865C1223 | P26: F | Q26: F | R26: T | V26: 1 | AW26: 5A16950EA97B5424F3CC512B39781F5D30B5BCE1728BD9333453A299C328865C1223 | AY26: -
A27: 상부롤러 | C27: EA | D27: 5.33 | E27: =단가대비표!O185 -> 0 | F27: =TRUNC(E27*D27,1) -> 0 | G27: =단가대비표!P185 -> 0 | H27: =TRUNC(G27*D27,1) -> 0 | I27: =단가대비표!V185 -> 30000 | J27: =TRUNC(I27*D27,1) -> 159900 | K27: =TRUNC(E27+G27+I27,1) -> 30000 | L27: =TRUNC(F27+H27+J27,1) -> 159900 | M27: 금액제외 | O27: 5D30B5BCE1728BD9232D5C53D983993C8BA02D | P27: F | Q27: F | R27: T | V27: 1 | AW27: 5A16950EA97B5424F3CC512B39781F5D30B5BCE1728BD9232D5C53D983993C8BA02D | AY27: -
A28: CONC인력비빔타설 / 가설 - 17년 1분기 삭제 | B28: 무근울타리기초 | C28: M3 | D28: 0.8 | E28: =일위대가목록!E126 -> 0 | F28: =TRUNC(E28*D28,1) -> 0 | G28: =일위대가목록!F126 -> 0 | H28: =TRUNC(G28*D28,1) -> 0 | I28: =일위대가목록!G126 -> 526533 | J28: =TRUNC(I28*D28,1) -> 421226.4 | K28: =TRUNC(E28+G28+I28,1) -> 526533 | L28: =TRUNC(F28+H28+J28,1) -> 421226.4 | M28: 금액제외 | O28: 5A16950802752032A3625FDB29CF77 | P28: T | Q28: F | R28: F | V28: 1 | AW28: 5A16950EA97B5424F3CC512B39781F5A16950802752032A3625FDB29CF77 | AY28: -
A29: 합판거푸집 | B29: 4회 | C29: M2 | D29: 5.2 | E29: =일위대가목록!E25 -> 8983 | F29: =TRUNC(E29*D29,1) -> 46711.6 | G29: =일위대가목록!F25 -> 28458 | H29: =TRUNC(G29*D29,1) -> 147981.6 | I29: =일위대가목록!G25 -> 284 | J29: =TRUNC(I29*D29,1) -> 1476.8 | K29: =TRUNC(E29+G29+I29,1) -> 37725 | L29: =TRUNC(F29+H29+J29,1) -> 196170 | M29: 금액제외 | O29: 5A16C5BEB174C2D3334F58DB699E38 | P29: T | Q29: F | R29: F | V29: 1 | AW29: 5A16950EA97B5424F3CC512B39781F5A16C5BEB174C2D3334F58DB699E38 | AY29: -
A30: 녹막이페인트 붓칠 | B30: 철재면, 1회, 1종 | C30: M2 | D30: 0.816 | E30: =일위대가목록!E112 -> 795 | F30: =TRUNC(E30*D30,1) -> 648.7 | G30: =일위대가목록!F112 -> 3422 | H30: =TRUNC(G30*D30,1) -> 2792.3 | I30: =일위대가목록!G112 -> 0 | J30: =TRUNC(I30*D30,1) -> 0 | K30: =TRUNC(E30+G30+I30,1) -> 4217 | L30: =TRUNC(F30+H30+J30,1) -> 3441 | M30: 금액제외 | O30: 5A1665D74C768586130F5C2429BDB6 | P30: T | Q30: F | R30: F | V30: 1 | AW30: 5A16950EA97B5424F3CC512B39781F5A1665D74C768586130F5C2429BDB6 | AY30: -
A31: 유성페인트 붓칠 | B31: 철재면, 2회. 1급 | C31: M2 | D31: 0.408 | E31: =일위대가목록!E113 -> 900 | F31: =TRUNC(E31*D31,1) -> 367.2 | G31: =일위대가목록!F113 -> 9127 | H31: =TRUNC(G31*D31,1) -> 3723.8 | I31: =일위대가목록!G113 -> 0 | J31: =TRUNC(I31*D31,1) -> 0 | K31: =TRUNC(E31+G31+I31,1) -> 10027 | L31: =TRUNC(F31+H31+J31,1) -> 4091 | M31: 금액제외 | O31: 5A1665D4F97CE8FC33BA55DFF97870 | P31: T | Q31: F | R31: F | V31: 1 | AW31: 5A16950EA97B5424F3CC512B39781F5A1665D4F97CE8FC33BA55DFF97870 | AY31: -
A32: 특별인부 | B32: 일반공사 직종 | C32: 인 | D32: 6 | E32: =단가대비표!O234 -> 0 | F32: =TRUNC(E32*D32,1) -> 0 | G32: =단가대비표!P234 -> 167926 | H32: =TRUNC(G32*D32,1) -> 1007556 | I32: =단가대비표!V234 -> 0 | J32: =TRUNC(I32*D32,1) -> 0 | K32: =TRUNC(E32+G32+I32,1) -> 167926 | L32: =TRUNC(F32+H32+J32,1) -> 1007556 | M32: 금액제외 | O32: 5AC235BE0A707BF6C349567599F97ED497CF76 | P32: F | Q32: F | R32: T | V32: 1 | AW32: 5A16950EA97B5424F3CC512B39781F5AC235BE0A707BF6C349567599F97ED497CF76 | AY32: -
A33: 보통인부 | B33: 일반공사 직종 | C33: 인 | D33: 10 | E33: =단가대비표!O233 -> 0 | F33: =TRUNC(E33*D33,1) -> 0 | G33: =단가대비표!P233 -> 138989 | H33: =TRUNC(G33*D33,1) -> 1389890 | I33: =단가대비표!V233 -> 0 | J33: =TRUNC(I33*D33,1) -> 0 | K33: =TRUNC(E33+G33+I33,1) -> 138989 | L33: =TRUNC(F33+H33+J33,1) -> 1389890 | M33: 금액제외 | O33: 5AC235BE0A707BF6C349567599F97ED497CF77 | P33: F | Q33: F | R33: T | V33: 1 | AW33: 5A16950EA97B5424F3CC512B39781F5AC235BE0A707BF6C349567599F97ED497CF77 | AY33: -
A34: 경비로적용 | B34: 합계의 100% | C34: 식 | D34: 1 | E34: 0 | F34: =TRUNC(E34*D34,1) -> 0 | G34: 0 | H34: =TRUNC(G34*D34,1) -> 0 | I34: =TRUNC(SUMIF(V20:V34, RIGHTB(O34, 1), L20:L34)*U34, 2) -> 15269646 | J34: =TRUNC(I34*D34,1) -> 15269646 | K34: =TRUNC(E34+G34+I34,1) -> 15269646 | L34: =TRUNC(F34+H34+J34,1) -> 15269646 | N34: 5A16950EA97B5424F3CC512B39781F | O34: 5B0FE5AE7477F3C133A45DE3096D001 | P34: F | Q34: F | R34: F | S34: 3 | T34: 2 | U34: 1 | AW34: 5A16950EA97B5424F3CC512B39781F5B0FE5AE7477F3C133A45DE3096D001
A35: [ 합 계 ] | F35: =TRUNC(SUMIF(N20:N34, N19, F20:F34),0) -> 0 | H35: =TRUNC(SUMIF(N20:N34, N19, H20:H34),0) -> 0 | J35: =TRUNC(SUMIF(N20:N34, N19, J20:J34),0) -> 15269645 | L35: =F35+H35+J35 -> 15269645 | N35: TOTAL | O35: TOTAL
A37: 조립식가설사무소/감리, 감독자 12개월 M2 공통 2-3-1, 2-2-2.1 ( 호표 3 ) | N37: 5A169508017B584A431B5C2C79C741
A38: 조립식건물부재 | B38: 조립식건물부재, BASE CHANNEL, 2.0mm이상 | C38: M | D38: 0.11 | E38: =단가대비표!O167 -> 3060 | F38: =TRUNC(E38*D38,1) -> 336.6 | G38: =단가대비표!P167 -> 0 | H38: =TRUNC(G38*D38,1) -> 0 | I38: =단가대비표!V167 -> 0 | J38: =TRUNC(I38*D38,1) -> 0 | K38: =TRUNC(E38+G38+I38,1) -> 3060 | L38: =TRUNC(F38+H38+J38,1) -> 336.6 | M38: 금액제외 | O38: 5D30A595DD7E93B1A3D65630D9A2FBA994D05F | P38: F | Q38: F | R38: T | V38: 1 | W38: 2 | AW38: 5A169508017B584A431B5C2C79C7415D30A595DD7E93B1A3D65630D9A2FBA994D05F | AY38: -
A39: 조립식건물부재 | B39: 조립식건물부재, TOP CHANEL, 2.0mm이상 | C39: M | D39: 0.11 | E39: =단가대비표!O168 -> 2783 | F39: =TRUNC(E39*D39,1) -> 306.1 | G39: =단가대비표!P168 -> 0 | H39: =TRUNC(G39*D39,1) -> 0 | I39: =단가대비표!V168 -> 0 | J39: =TRUNC(I39*D39,1) -> 0 | K39: =TRUNC(E39+G39+I39,1) -> 2783 | L39: =TRUNC(F39+H39+J39,1) -> 306.1 | M39: 금액제외 | O39: 5D30A595DD7E93B1A3D65630D9A2FBA994D05C | P39: F | Q39: F | R39: T | V39: 1 | W39: 2 | AW39: 5A169508017B584A431B5C2C79C7415D30A595DD7E93B1A3D65630D9A2FBA994D05C | AY39: -
A40: 조립식건물부재 | B40: 조립식건물부재, 외부판넬, 벽, 1.2*2.4m | C40: 매 | D40: 0.05 | E40: =단가대비표!O169 -> 39120 | F40: =TRUNC(E40*D40,1) -> 1956 | G40: =단가대비표!P169 -> 0 | H40: =TRUNC(G40*D40,1) -> 0 | I40: =단가대비표!V169 -> 0 | J40: =TRUNC(I40*D40,1) -> 0 | K40: =TRUNC(E40+G40+I40,1) -> 39120 | L40: =TRUNC(F40+H40+J40,1) -> 1956 | M40: 금액제외 | O40: 5D30A595DD7E93B1A3D65630D9A2FBA994D05D | P40: F | Q40: F | R40: T | V40: 1 | W40: 2 | AW40: 5A169508017B584A431B5C2C79C7415D30A595DD7E93B1A3D65630D9A2FBA994D05D | AY40: -
A41: 조립식건물부재 | B41: 조립식건물부재, 외부판넬, 창문, 1.2*2.4m | C41: 매 | D41: 0.03 | E41: =단가대비표!O170 -> 70361 | F41: =TRUNC(E41*D41,1) -> 2110.8 | G41: =단가대비표!P170 -> 0 | H41: =TRUNC(G41*D41,1) -> 0 | I41: =단가대비표!V170 -> 0 | J41: =TRUNC(I41*D41,1) -> 0 | K41: =TRUNC(E41+G41+I41,1) -> 70361 | L41: =TRUNC(F41+H41+J41,1) -> 2110.8 | M41: 금액제외 | O41: 5D30A595DD7E93B1A3D65630D9A2FBA994D05A | P41: F | Q41: F | R41: T | V41: 1 | W41: 2 | AW41: 5A169508017B584A431B5C2C79C7415D30A595DD7E93B1A3D65630D9A2FBA994D05A | AY41: -
A42: 조립식건물부재 | B42: 조립식건물부재, 외부판넬, 철재문, 1.2*2.4m | C42: 매 | D42: 0.008 | E42: =단가대비표!O171 -> 132000 | F42: =TRUNC(E42*D42,1) -> 1056 | G42: =단가대비표!P171 -> 0 | H42: =TRUNC(G42*D42,1) -> 0 | I42: =단가대비표!V171 -> 0 | J42: =TRUNC(I42*D42,1) -> 0 | K42: =TRUNC(E42+G42+I42,1) -> 132000 | L42: =TRUNC(F42+H42+J42,1) -> 1056 | M42: 금액제외 | O42: 5D30A595DD7E93B1A3D65630D9A2FBA994D05B | P42: F | Q42: F | R42: T | V42: 1 | W42: 2 | AW42: 5A169508017B584A431B5C2C79C7415D30A595DD7E93B1A3D65630D9A2FBA994D05B | AY42: -
A43: 조립식건물부재 | B43: 조립식건물부재, 내부판넬, 벽, 1.2*2.4m | C43: 매 | D43: 0.038 | E43: =단가대비표!O172 -> 34720 | F43: =TRUNC(E43*D43,1) -> 1319.3 | G43: =단가대비표!P172 -> 0 | H43: =TRUNC(G43*D43,1) -> 0 | I43: =단가대비표!V172 -> 0 | J43: =TRUNC(I43*D43,1) -> 0 | K43: =TRUNC(E43+G43+I43,1) -> 34720 | L43: =TRUNC(F43+H43+J43,1) -> 1319.3 | M43: 금액제외 | O43: 5D30A595DD7E93B1A3D65630D9A2FBA994D058 | P43: F | Q43: F | R43: T | V43: 1 | W43: 2 | AW43: 5A169508017B584A431B5C2C79C7415D30A595DD7E93B1A3D65630D9A2FBA994D058 | AY43: -
A44: 조립식건물부재 | B44: 조립식건물부재, 내부판넬, 목재문, 1.2*2.4m | C44: 매 | D44: 0.013 | E44: =단가대비표!O173 -> 142500 | F44: =TRUNC(E44*D44,1) -> 1852.5 | G44: =단가대비표!P173 -> 0 | H44: =TRUNC(G44*D44,1) -> 0 | I44: =단가대비표!V173 -> 0 | J44: =TRUNC(I44*D44,1) -> 0 | K44: =TRUNC(E44+G44+I44,1) -> 142500 | L44: =TRUNC(F44+H44+J44,1) -> 1852.5 | M44: 금액제외 | O44: 5D30A595DD7E93B1A3D65630D9A2FBA994D059 | P44: F | Q44: F | R44: T | V44: 1 | W44: 2 | AW44: 5A169508017B584A431B5C2C79C7415D30A595DD7E93B1A3D65630D9A2FBA994D059 | AY44: -
A45: 조립식건물부재 | B45: 조립식건물부재, 판넬죠인트, 2.4m | C45: 조 | D45: 0.078 | E45: =단가대비표!O174 -> 6260 | F45: =TRUNC(E45*D45,1) -> 488.2 | G45: =단가대비표!P174 -> 0 | H45: =TRUNC(G45*D45,1) -> 0 | I45: =단가대비표!V174 -> 0 | J45: =TRUNC(I45*D45,1) -> 0 | K45: =TRUNC(E45+G45+I45,1) -> 6260 | L45: =TRUNC(F45+H45+J45,1) -> 488.2 | M45: 금액제외 | O45: 5D30A595DD7E93B1A3D65630D9A2FBA994D056 | P45: F | Q45: F | R45: T | V45: 1 | W45: 2 | AW45: 5A169508017B584A431B5C2C79C7415D30A595DD7E93B1A3D65630D9A2FBA994D056 | AY45: -
A46: 조립식건물부재 | B46: 조립식건물부재, CANOPY, 0.6*1.2m | C46: 매 | D46: 0.008 | E46: =단가대비표!O175 -> 22440 | F46: =TRUNC(E46*D46,1) -> 179.5 | G46: =단가대비표!P175 -> 0 | H46: =TRUNC(G46*D46,1) -> 0 | I46: =단가대비표!V175 -> 0 | J46: =TRUNC(I46*D46,1) -> 0 | K46: =TRUNC(E46+G46+I46,1) -> 22440 | L46: =TRUNC(F46+H46+J46,1) -> 179.5 | M46: 금액제외 | O46: 5D30A595DD7E93B1A3D65630D9A2FBA994D057 | P46: F | Q46: F | R46: T | V46: 1 | W46: 2 | AW46: 5A169508017B584A431B5C2C79C7415D30A595DD7E93B1A3D65630D9A2FBA994D057 | AY46: -
A47: 조립식건물부재 | B47: 조립식건물부재, 박공판넬, 0.6*1.2m | C47: 매 | D47: 0.005 | E47: =단가대비표!O176 -> 8830 | F47: =TRUNC(E47*D47,1) -> 44.1 | G47: =단가대비표!P176 -> 0 | H47: =TRUNC(G47*D47,1) -> 0 | I47: =단가대비표!V176 -> 0 | J47: =TRUNC(I47*D47,1) -> 0 | K47: =TRUNC(E47+G47+I47,1) -> 8830 | L47: =TRUNC(F47+H47+J47,1) -> 44.1 | M47: 금액제외 | O47: 5D30A595DD7E93B1A3D65630D9A2FBA995E0AC | P47: F | Q47: F | R47: T | V47: 1 | W47: 2 | AW47: 5A169508017B584A431B5C2C79C7415D30A595DD7E93B1A3D65630D9A2FBA995E0AC | AY47: -
A48: 조립식건물부재 | B48: 조립식건물부재, 루우프시이트, 칼라시트, 0.5mm | C48: M2 | D48: 0.308 | E48: =단가대비표!O177 -> 7140 | F48: =TRUNC(E48*D48,1) -> 2199.1 | G48: =단가대비표!P177 -> 0 | H48: =TRUNC(G48*D48,1) -> 0 | I48: =단가대비표!V177 -> 0 | J48: =TRUNC(I48*D48,1) -> 0 | K48: =TRUNC(E48+G48+I48,1) -> 7140 | L48: =TRUNC(F48+H48+J48,1) -> 2199.1 | M48: 금액제외 | O48: 5D30A595DD7E93B1A3D65630D9A2FBA995E0AD | P48: F | Q48: F | R48: T | V48: 1 | W48: 2 | AW48: 5A169508017B584A431B5C2C79C7415D30A595DD7E93B1A3D65630D9A2FBA995E0AD | AY48: -
A49: 조립식건물부재 | B49: 조립식건물부재, 트러스, 7.2m | C49: 개 | D49: 0.018 | E49: =단가대비표!O178 -> 57057 | F49: =TRUNC(E49*D49,1) -> 1027 | G49: =단가대비표!P178 -> 0 | H49: =TRUNC(G49*D49,1) -> 0 | I49: =단가대비표!V178 -> 0 | J49: =TRUNC(I49*D49,1) -> 0 | K49: =TRUNC(E49+G49+I49,1) -> 57057 | L49: =TRUNC(F49+H49+J49,1) -> 1027 | M49: 금액제외 | O49: 5D30A595DD7E93B1A3D65630D9A2FBA995E0AE | P49: F | Q49: F | R49: T | V49: 1 | W49: 2 | AW49: 5A169508017B584A431B5C2C79C7415D30A595DD7E93B1A3D65630D9A2FBA995E0AE | AY49: -
... A52: 조립식건물부재 | B52: 조립식건물부재, T-BAR, 24*38*0.4mm | C52: M | D52: 0.383 | E52: =단가대비표!O181 -> 1270 | F52: =TRUNC(E52*D52,1) -> 486.4 | G52: =단가대비표!P181 -> 0 | H52: =TRUNC(G52*D52,1) -> 0 | I52: =단가대비표!V181 -> 0 | J52: =TRUNC(I52*D52,1) -> 0 | K52: =TRUNC(E52+G52+I52,1) -> 1270 | L52: =TRUNC(F52+H52+J52,1) -> 486.4 | M52: 금액제외 | O52: 5D30A595DD7E93B1A3D65630D9A2FBA995E0A9 | P52: F | Q52: F | R52: T | V52: 1 | W52: 2 | AW52: 5A169508017B584A431B5C2C79C7415D30A595DD7E93B1A3D65630D9A2FBA995E0A9 | AY52: -
A53: 부자재 | B53: 주자재의 12.6% | C53: 식 | D53: 1 | E53: =TRUNC(SUMIF(V38:V55, RIGHTB(O53, 1), F38:F55)*U53, 2) -> 1997.17 | F53: =TRUNC(E53*D53,1) -> 1997.1 | G53: 0 | H53: =TRUNC(G53*D53,1) -> 0 | I53: 0 | J53: =TRUNC(I53*D53,1) -> 0 | K53: =TRUNC(E53+G53+I53,1) -> 1997.1 | L53: =TRUNC(F53+H53+J53,1) -> 1997.1 | M53: 금액제외 | O53: 5B0FE5AE7477F3C133A45DE3096D001 | P53: F | Q53: F | R53: F | S53: 0 | T53: 0 | U53: 0.126 | W53: 2 | AW53: 5A169508017B584A431B5C2C79C7415B0FE5AE7477F3C133A45DE3096D001 | AY53: -
A54: 철재조립식 가설건축물 설치 및 해체 | B54: 사무실 | C54: M2 | D54: 1 | E54: =일위대가목록!E135 -> 0 | F54: =TRUNC(E54*D54,1) -> 0 | G54: =일위대가목록!F135 -> 0 | H54: =TRUNC(G54*D54,1) -> 0 | I54: =일위대가목록!G135 -> 83688 | J54: =TRUNC(I54*D54,1) -> 83688 | K54: =TRUNC(E54+G54+I54,1) -> 83688 | L54: =TRUNC(F54+H54+J54,1) -> 83688 | M54: 금액제외 | O54: 5A1695080275B672433B59C709CDE3 | P54: T | Q54: F | R54: F | W54: 2 | AW54: 5A169508017B584A431B5C2C79C7415A1695080275B672433B59C709CDE3 | AY54: -
A55: 경비로 적용 | B55: 합계의 100% | C55: 식 | D55: 1 | E55: 0 | F55: =TRUNC(E55*D55,1) -> 0 | G55: 0 | H55: =TRUNC(G55*D55,1) -> 0 | I55: =TRUNC(SUMIF(W38:W55, RIGHTB(O55, 1), L38:L55)*U55, 2) -> 101535.7 | J55: =TRUNC(I55*D55,1) -> 101535.7 | K55: =TRUNC(E55+G55+I55,1) -> 101535.7 | L55: =TRUNC(F55+H55+J55,1) -> 101535.7 | N55: 5A169508017B584A431B5C2C79C741 | O55: 5B0FE5AE7477F3C133A45DE3096E002 | P55: F | Q55: F | R55: F | S55: 3 | T55: 2 | U55: 1 | AW55: 5A169508017B584A431B5C2C79C7415B0FE5AE7477F3C133A45DE3096F003
A56: [ 합 계 ] | F56: =TRUNC(SUMIF(N38:N55, N37, F38:F55),0) -> 0 | H56: =TRUNC(SUMIF(N38:N55, N37, H38:H55),0) -> 0 | J56: =TRUNC(SUMIF(N38:N55, N37, J38:J55),0) -> 101535 | L56: =F56+H56+J56 -> 101535 | N56: TOTAL | O56: TOTAL
A58: 조립식가설사무소/수급자 12개월 M2 공통 2-3-1, 2-2-2.1 ( 호표 4 ) | N58: 5A169508017B584A431B5C2C79C740
A59: 조립식건물부재 | B59: 조립식건물부재, BASE CHANNEL, 2.0mm이상 | C59: M | D59: 0.11 | E59: =단가대비표!O167 -> 3060 | F59: =TRUNC(E59*D59,1) -> 336.6 | G59: =단가대비표!P167 -> 0 | H59: =TRUNC(G59*D59,1) -> 0 | I59: =단가대비표!V167 -> 0 | J59: =TRUNC(I59*D59,1) -> 0 | K59: =TRUNC(E59+G59+I59,1) -> 3060 | L59: =TRUNC(F59+H59+J59,1) -> 336.6 | M59: 금액제외 | O59: 5D30A595DD7E93B1A3D65630D9A2FBA994D05F | P59: F | Q59: F | R59: T | V59: 1 | W59: 2 | AW59: 5A169508017B584A431B5C2C79C7405D30A595DD7E93B1A3D65630D9A2FBA994D05F | AY59: -
A60: 조립식건물부재 | B60: 조립식건물부재, TOP CHANEL, 2.0mm이상 | C60: M | D60: 0.11 | E60: =단가대비표!O168 -> 2783 | F60: =TRUNC(E60*D60,1) -> 306.1 | G60: =단가대비표!P168 -> 0 | H60: =TRUNC(G60*D60,1) -> 0 | I60: =단가대비표!V168 -> 0 | J60: =TRUNC(I60*D60,1) -> 0 | K60: =TRUNC(E60+G60+I60,1) -> 2783 | L60: =TRUNC(F60+H60+J60,1) -> 306.1 | M60: 금액제외 | O60: 5D30A595DD7E93B1A3D65630D9A2FBA994D05C | P60: F | Q60: F | R60: T | V60: 1 | W60: 2 | AW60: 5A169508017B584A431B5C2C79C7405D30A595DD7E93B1A3D65630D9A2FBA994D05C | AY60: -
A61: 조립식건물부재 | B61: 조립식건물부재, 외부판넬, 벽, 1.2*2.4m | C61: 매 | D61: 0.05 | E61: =단가대비표!O169 -> 39120 | F61: =TRUNC(E61*D61,1) -> 1956 | G61: =단가대비표!P169 -> 0 | H61: =TRUNC(G61*D61,1) -> 0 | I61: =단가대비표!V169 -> 0 | J61: =TRUNC(I61*D61,1) -> 0 | K61: =TRUNC(E61+G61+I61,1) -> 39120 | L61: =TRUNC(F61+H61+J61,1) -> 1956 | M61: 금액제외 | O61: 5D30A595DD7E93B1A3D65630D9A2FBA994D05D | P61: F | Q61: F | R61: T | V61: 1 | W61: 2 | AW61: 5A169508017B584A431B5C2C79C7405D30A595DD7E93B1A3D65630D9A2FBA994D05D | AY61: -
A62: 조립식건물부재 | B62: 조립식건물부재, 외부판넬, 창문, 1.2*2.4m | C62: 매 | D62: 0.03 | E62: =단가대비표!O170 -> 70361 | F62: =TRUNC(E62*D62,1) -> 2110.8 | G62: =단가대비표!P170 -> 0 | H62: =TRUNC(G62*D62,1) -> 0 | I62: =단가대비표!V170 -> 0 | J62: =TRUNC(I62*D62,1) -> 0 | K62: =TRUNC(E62+G62+I62,1) -> 70361 | L62: =TRUNC(F62+H62+J62,1) -> 2110.8 | M62: 금액제외 | O62: 5D30A595DD7E93B1A3D65630D9A2FBA994D05A | P62: F | Q62: F | R62: T | V62: 1 | W62: 2 | AW62: 5A169508017B584A431B5C2C79C7405D30A595DD7E93B1A3D65630D9A2FBA994D05A | AY62: -
A63: 조립식건물부재 | B63: 조립식건물부재, 외부판넬, 철재문, 1.2*2.4m | C63: 매 | D63: 0.008 | E63: =단가대비표!O171 -> 132000 | F63: =TRUNC(E63*D63,1) -> 1056 | G63: =단가대비표!P171 -> 0 | H63: =TRUNC(G63*D63,1) -> 0 | I63: =단가대비표!V171 -> 0 | J63: =TRUNC(I63*D63,1) -> 0 | K63: =TRUNC(E63+G63+I63,1) -> 132000 | L63: =TRUNC(F63+H63+J63,1) -> 1056 | M63: 금액제외 | O63: 5D30A595DD7E93B1A3D65630D9A2FBA994D05B | P63: F | Q63: F | R63: T | V63: 1 | W63: 2 | AW63: 5A169508017B584A431B5C2C79C7405D30A595DD7E93B1A3D65630D9A2FBA994D05B | AY63: -
A64: 조립식건물부재 | B64: 조립식건물부재, 내부판넬, 벽, 1.2*2.4m | C64: 매 | D64: 0.038 | E64: =단가대비표!O172 -> 34720 | F64: =TRUNC(E64*D64,1) -> 1319.3 | G64: =단가대비표!P172 -> 0 | H64: =TRUNC(G64*D64,1) -> 0 | I64: =단가대비표!V172 -> 0 | J64: =TRUNC(I64*D64,1) -> 0 | K64: =TRUNC(E64+G64+I64,1) -> 34720 | L64: =TRUNC(F64+H64+J64,1) -> 1319.3 | M64: 금액제외 | O64: 5D30A595DD7E93B1A3D65630D9A2FBA994D058 | P64: F | Q64: F | R64: T | V64: 1 | W64: 2 | AW64: 5A169508017B584A431B5C2C79C7405D30A595DD7E93B1A3D65630D9A2FBA994D058 | AY64: -
A65: 조립식건물부재 | B65: 조립식건물부재, 내부판넬, 목재문, 1.2*2.4m | C65: 매 | D65: 0.013 | E65: =단가대비표!O173 -> 142500 | F65: =TRUNC(E65*D65,1) -> 1852.5 | G65: =단가대비표!P173 -> 0 | H65: =TRUNC(G65*D65,1) -> 0 | I65: =단가대비표!V173 -> 0 | J65: =TRUNC(I65*D65,1) -> 0 | K65: =TRUNC(E65+G65+I65,1) -> 142500 | L65: =TRUNC(F65+H65+J65,1) -> 1852.5 | M65: 금액제외 | O65: 5D30A595DD7E93B1A3D65630D9A2FBA994D059 | P65: F | Q65: F | R65: T | V65: 1 | W65: 2 | AW65: 5A169508017B584A431B5C2C79C7405D30A595DD7E93B1A3D65630D9A2FBA994D059 | AY65: -
A66: 조립식건물부재 | B66: 조립식건물부재, 판넬죠인트, 2.4m | C66: 조 | D66: 0.078 | E66: =단가대비표!O174 -> 6260 | F66: =TRUNC(E66*D66,1) -> 488.2 | G66: =단가대비표!P174 -> 0 | H66: =TRUNC(G66*D66,1) -> 0 | I66: =단가대비표!V174 -> 0 | J66: =TRUNC(I66*D66,1) -> 0 | K66: =TRUNC(E66+G66+I66,1) -> 6260 | L66: =TRUNC(F66+H66+J66,1) -> 488.2 | M66: 금액제외 | O66: 5D30A595DD7E93B1A3D65630D9A2FBA994D056 | P66: F | Q66: F | R66: T | V66: 1 | W66: 2 | AW66: 5A169508017B584A431B5C2C79C7405D30A595DD7E93B1A3D65630D9A2FBA994D056 | AY66: -
A67: 조립식건물부재 | B67: 조립식건물부재, CANOPY, 0.6*1.2m | C67: 매 | D67: 0.008 | E67: =단가대비표!O175 -> 22440 | F67: =TRUNC(E67*D67,1) -> 179.5 | G67: =단가대비표!P175 -> 0 | H67: =TRUNC(G67*D67,1) -> 0 | I67: =단가대비표!V175 -> 0 | J67: =TRUNC(I67*D67,1) -> 0 | K67: =TRUNC(E67+G67+I67,1) -> 22440 | L67: =TRUNC(F67+H67+J67,1) -> 179.5 | M67: 금액제외 | O67: 5D30A595DD7E93B1A3D65630D9A2FBA994D057 | P67: F | Q67: F | R67: T | V67: 1 | W67: 2 | AW67: 5A169508017B584A431B5C2C79C7405D30A595DD7E93B1A3D65630D9A2FBA994D057 | AY67: -
A68: 조립식건물부재 | B68: 조립식건물부재, 박공판넬, 0.6*1.2m | C68: 매 | D68: 0.005 | E68: =단가대비표!O176 -> 8830 | F68: =TRUNC(E68*D68,1) -> 44.1 | G68: =단가대비표!P176 -> 0 | H68: =TRUNC(G68*D68,1) -> 0 | I68: =단가대비표!V176 -> 0 | J68: =TRUNC(I68*D68,1) -> 0 | K68: =TRUNC(E68+G68+I68,1) -> 8830 | L68: =TRUNC(F68+H68+J68,1) -> 44.1 | M68: 금액제외 | O68: 5D30A595DD7E93B1A3D65630D9A2FBA995E0AC | P68: F | Q68: F | R68: T | V68: 1 | W68: 2 | AW68: 5A169508017B584A431B5C2C79C7405D30A595DD7E93B1A3D65630D9A2FBA995E0AC | AY68: -
A69: 조립식건물부재 | B69: 조립식건물부재, 루우프시이트, 칼라시트, 0.5mm | C69: M2 | D69: 0.308 | E69: =단가대비표!O177 -> 7140 | F69: =TRUNC(E69*D69,1) -> 2199.1 | G69: =단가대비표!P177 -> 0 | H69: =TRUNC(G69*D69,1) -> 0 | I69: =단가대비표!V177 -> 0 | J69: =TRUNC(I69*D69,1) -> 0 | K69: =TRUNC(E69+G69+I69,1) -> 7140 | L69: =TRUNC(F69+H69+J69,1) -> 2199.1 | M69: 금액제외 | O69: 5D30A595DD7E93B1A3D65630D9A2FBA995E0AD | P69: F | Q69: F | R69: T | V69: 1 | W69: 2 | AW69: 5A169508017B584A431B5C2C79C7405D30A595DD7E93B1A3D65630D9A2FBA995E0AD | AY69: -
A70: 조립식건물부재 | B70: 조립식건물부재, 트러스, 7.2m | C70: 개 | D70: 0.018 | E70: =단가대비표!O178 -> 57057 | F70: =TRUNC(E70*D70,1) -> 1027 | G70: =단가대비표!P178 -> 0 | H70: =TRUNC(G70*D70,1) -> 0 | I70: =단가대비표!V178 -> 0 | J70: =TRUNC(I70*D70,1) -> 0 | K70: =TRUNC(E70+G70+I70,1) -> 57057 | L70: =TRUNC(F70+H70+J70,1) -> 1027 | M70: 금액제외 | O70: 5D30A595DD7E93B1A3D65630D9A2FBA995E0AE | P70: F | Q70: F | R70: T | V70: 1 | W70: 2 | AW70: 5A169508017B584A431B5C2C79C7405D30A595DD7E93B1A3D65630D9A2FBA995E0AE | AY70: -
... A73: 조립식건물부재 | B73: 조립식건물부재, T-BAR, 24*38*0.4mm | C73: M | D73: 0.383 | E73: =단가대비표!O181 -> 1270 | F73: =TRUNC(E73*D73,1) -> 486.4 | G73: =단가대비표!P181 -> 0 | H73: =TRUNC(G73*D73,1) -> 0 | I73: =단가대비표!V181 -> 0 | J73: =TRUNC(I73*D73,1) -> 0 | K73: =TRUNC(E73+G73+I73,1) -> 1270 | L73: =TRUNC(F73+H73+J73,1) -> 486.4 | M73: 금액제외 | O73: 5D30A595DD7E93B1A3D65630D9A2FBA995E0A9 | P73: F | Q73: F | R73: T | V73: 1 | W73: 2 | AW73: 5A169508017B584A431B5C2C79C7405D30A595DD7E93B1A3D65630D9A2FBA995E0A9 | AY73: -
A74: 부자재 | B74: 주자재의 12.6% | C74: 식 | D74: 1 | E74: =TRUNC(SUMIF(V59:V76, RIGHTB(O74, 1), F59:F76)*U74, 2) -> 1997.17 | F74: =TRUNC(E74*D74,1) -> 1997.1 | G74: 0 | H74: =TRUNC(G74*D74,1) -> 0 | I74: 0 | J74: =TRUNC(I74*D74,1) -> 0 | K74: =TRUNC(E74+G74+I74,1) -> 1997.1 | L74: =TRUNC(F74+H74+J74,1) -> 1997.1 | M74: 금액제외 | O74: 5B0FE5AE7477F3C133A45DE3096D001 | P74: F | Q74: F | R74: F | S74: 0 | T74: 0 | U74: 0.126 | W74: 2 | AW74: 5A169508017B584A431B5C2C79C7405B0FE5AE7477F3C133A45DE3096D001 | AY74: -
A75: 철재조립식 가설건축물 설치 및 해체 | B75: 사무실 | C75: M2 | D75: 1 | E75: =일위대가목록!E135 -> 0 | F75: =TRUNC(E75*D75,1) -> 0 | G75: =일위대가목록!F135 -> 0 | H75: =TRUNC(G75*D75,1) -> 0 | I75: =일위대가목록!G135 -> 83688 | J75: =TRUNC(I75*D75,1) -> 83688 | K75: =TRUNC(E75+G75+I75,1) -> 83688 | L75: =TRUNC(F75+H75+J75,1) -> 83688 | M75: 금액제외 | O75: 5A1695080275B672433B59C709CDE3 | P75: T | Q75: F | R75: F | W75: 2 | AW75: 5A169508017B584A431B5C2C79C7405A1695080275B672433B59C709CDE3 | AY75: -
A76: 경비로 적용 | B76: 합계의 100% | C76: 식 | D76: 1 | E76: 0 | F76: =TRUNC(E76*D76,1) -> 0 | G76: 0 | H76: =TRUNC(G76*D76,1) -> 0 | I76: =TRUNC(SUMIF(W59:W76, RIGHTB(O76, 1), L59:L76)*U76, 2) -> 101535.7 | J76: =TRUNC(I76*D76,1) -> 101535.7 | K76: =TRUNC(E76+G76+I76,1) -> 101535.7 | L76: =TRUNC(F76+H76+J76,1) -> 101535.7 | N76: 5A169508017B584A431B5C2C79C740 | O76: 5B0FE5AE7477F3C133A45DE3096E002 | P76: F | Q76: F | R76: F | S76: 3 | T76: 2 | U76: 1 | AW76: 5A169508017B584A431B5C2C79C7405B0FE5AE7477F3C133A45DE3096F003
A77: [ 합 계 ] | F77: =TRUNC(SUMIF(N59:N76, N58, F59:F76),0) -> 0 | H77: =TRUNC(SUMIF(N59:N76, N58, H59:H76),0) -> 0 | J77: =TRUNC(SUMIF(N59:N76, N58, J59:J76),0) -> 101535 | L77: =F77+H77+J77 -> 101535 | N77: TOTAL | O77: TOTAL
A79: 조립식가설창고 12개월 M2 공통 2-3-1, 2-2-2.1 ( 호표 5 ) | N79: 5A169508017B6AB4D35654021934CC
A80: 조립식건물부재 | B80: 조립식건물부재, BASE CHANNEL, 2.0mm이상 | C80: M | D80: 0.11 | E80: =단가대비표!O167 -> 3060 | F80: =TRUNC(E80*D80,1) -> 336.6 | G80: =단가대비표!P167 -> 0 | H80: =TRUNC(G80*D80,1) -> 0 | I80: =단가대비표!V167 -> 0 | J80: =TRUNC(I80*D80,1) -> 0 | K80: =TRUNC(E80+G80+I80,1) -> 3060 | L80: =TRUNC(F80+H80+J80,1) -> 336.6 | M80: 금액제외 | O80: 5D30A595DD7E93B1A3D65630D9A2FBA994D05F | P80: F | Q80: F | R80: T | V80: 1 | W80: 2 | AW80: 5A169508017B6AB4D35654021934CC5D30A595DD7E93B1A3D65630D9A2FBA994D05F | AY80: -
A81: 조립식건물부재 | B81: 조립식건물부재, TOP CHANEL, 2.0mm이상 | C81: M | D81: 0.11 | E81: =단가대비표!O168 -> 2783 | F81: =TRUNC(E81*D81,1) -> 306.1 | G81: =단가대비표!P168 -> 0 | H81: =TRUNC(G81*D81,1) -> 0 | I81: =단가대비표!V168 -> 0 | J81: =TRUNC(I81*D81,1) -> 0 | K81: =TRUNC(E81+G81+I81,1) -> 2783 | L81: =TRUNC(F81+H81+J81,1) -> 306.1 | M81: 금액제외 | O81: 5D30A595DD7E93B1A3D65630D9A2FBA994D05C | P81: F | Q81: F | R81: T | V81: 1 | W81: 2 | AW81: 5A169508017B6AB4D35654021934CC5D30A595DD7E93B1A3D65630D9A2FBA994D05C | AY81: -
A82: 조립식건물부재 | B82: 조립식건물부재, 외부판넬, 벽, 1.2*2.4m | C82: 매 | D82: 0.058 | E82: =단가대비표!O169 -> 39120 | F82: =TRUNC(E82*D82,1) -> 2268.9 | G82: =단가대비표!P169 -> 0 | H82: =TRUNC(G82*D82,1) -> 0 | I82: =단가대비표!V169 -> 0 | J82: =TRUNC(I82*D82,1) -> 0 | K82: =TRUNC(E82+G82+I82,1) -> 39120 | L82: =TRUNC(F82+H82+J82,1) -> 2268.9 | M82: 금액제외 | O82: 5D30A595DD7E93B1A3D65630D9A2FBA994D05D | P82: F | Q82: F | R82: T | V82: 1 | W82: 2 | AW82: 5A169508017B6AB4D35654021934CC5D30A595DD7E93B1A3D65630D9A2FBA994D05D | AY82: -
A83: 조립식건물부재 | B83: 조립식건물부재, 외부판넬, 창문, 1.2*2.4m | C83: 매 | D83: 0.02 | E83: =단가대비표!O170 -> 70361 | F83: =TRUNC(E83*D83,1) -> 1407.2 | G83: =단가대비표!P170 -> 0 | H83: =TRUNC(G83*D83,1) -> 0 | I83: =단가대비표!V170 -> 0 | J83: =TRUNC(I83*D83,1) -> 0 | K83: =TRUNC(E83+G83+I83,1) -> 70361 | L83: =TRUNC(F83+H83+J83,1) -> 1407.2 | M83: 금액제외 | O83: 5D30A595DD7E93B1A3D65630D9A2FBA994D05A | P83: F | Q83: F | R83: T | V83: 1 | W83: 2 | AW83: 5A169508017B6AB4D35654021934CC5D30A595DD7E93B1A3D65630D9A2FBA994D05A | AY83: -
A84: 조립식건물부재 | B84: 조립식건물부재, 외부판넬, 철재문, 1.2*2.4m | C84: 매 | D84: 0.01 | E84: =단가대비표!O171 -> 132000 | F84: =TRUNC(E84*D84,1) -> 1320 | G84: =단가대비표!P171 -> 0 | H84: =TRUNC(G84*D84,1) -> 0 | I84: =단가대비표!V171 -> 0 | J84: =TRUNC(I84*D84,1) -> 0 | K84: =TRUNC(E84+G84+I84,1) -> 132000 | L84: =TRUNC(F84+H84+J84,1) -> 1320 | M84: 금액제외 | O84: 5D30A595DD7E93B1A3D65630D9A2FBA994D05B | P84: F | Q84: F | R84: T | V84: 1 | W84: 2 | AW84: 5A169508017B6AB4D35654021934CC5D30A595DD7E93B1A3D65630D9A2FBA994D05B | AY84: -
A85: 조립식건물부재 | B85: 조립식건물부재, 판넬죠인트, 2.4m | C85: 조 | D85: 0.078 | E85: =단가대비표!O174 -> 6260 | F85: =TRUNC(E85*D85,1) -> 488.2 | G85: =단가대비표!P174 -> 0 | H85: =TRUNC(G85*D85,1) -> 0 | I85: =단가대비표!V174 -> 0 | J85: =TRUNC(I85*D85,1) -> 0 | K85: =TRUNC(E85+G85+I85,1) -> 6260 | L85: =TRUNC(F85+H85+J85,1) -> 488.2 | M85: 금액제외 | O85: 5D30A595DD7E93B1A3D65630D9A2FBA994D056 | P85: F | Q85: F | R85: T | V85: 1 | W85: 2 | AW85: 5A169508017B6AB4D35654021934CC5D30A595DD7E93B1A3D65630D9A2FBA994D056 | AY85: -
A86: 조립식건물부재 | B86: 조립식건물부재, CANOPY, 0.6*1.2m | C86: 매 | D86: 0.01 | E86: =단가대비표!O175 -> 22440 | F86: =TRUNC(E86*D86,1) -> 224.4 | G86: =단가대비표!P175 -> 0 | H86: =TRUNC(G86*D86,1) -> 0 | I86: =단가대비표!V175 -> 0 | J86: =TRUNC(I86*D86,1) -> 0 | K86: =TRUNC(E86+G86+I86,1) -> 22440 | L86: =TRUNC(F86+H86+J86,1) -> 224.4 | M86: 금액제외 | O86: 5D30A595DD7E93B1A3D65630D9A2FBA994D057 | P86: F | Q86: F | R86: T | V86: 1 | W86: 2 | AW86: 5A169508017B6AB4D35654021934CC5D30A595DD7E93B1A3D65630D9A2FBA994D057 | AY86: -
A87: 조립식건물부재 | B87: 조립식건물부재, 박공판넬, 0.6*1.2m | C87: 매 | D87: 0.005 | E87: =단가대비표!O176 -> 8830 | F87: =TRUNC(E87*D87,1) -> 44.1 | G87: =단가대비표!P176 -> 0 | H87: =TRUNC(G87*D87,1) -> 0 | I87: =단가대비표!V176 -> 0 | J87: =TRUNC(I87*D87,1) -> 0 | K87: =TRUNC(E87+G87+I87,1) -> 8830 | L87: =TRUNC(F87+H87+J87,1) -> 44.1 | M87: 금액제외 | O87: 5D30A595DD7E93B1A3D65630D9A2FBA995E0AC | P87: F | Q87: F | R87: T | V87: 1 | W87: 2 | AW87: 5A169508017B6AB4D35654021934CC5D30A595DD7E93B1A3D65630D9A2FBA995E0AC | AY87: -
A88: 조립식건물부재 | B88: 조립식건물부재, 루우프시이트, 칼라시트, 0.5mm | C88: M2 | D88: 0.308 | E88: =단가대비표!O177 -> 7140 | F88: =TRUNC(E88*D88,1) -> 2199.1 | G88: =단가대비표!P177 -> 0 | H88: =TRUNC(G88*D88,1) -> 0 | I88: =단가대비표!V177 -> 0 | J88: =TRUNC(I88*D88,1) -> 0 | K88: =TRUNC(E88+G88+I88,1) -> 7140 | L88: =TRUNC(F88+H88+J88,1) -> 2199.1 | M88: 금액제외 | O88: 5D30A595DD7E93B1A3D65630D9A2FBA995E0AD | P88: F | Q88: F | R88: T | V88: 1 | W88: 2 | AW88: 5A169508017B6AB4D35654021934CC5D30A595DD7E93B1A3D65630D9A2FBA995E0AD | AY88: -
A89: 조립식건물부재 | B89: 조립식건물부재, 트러스, 7.2m | C89: 개 | D89: 0.018 | E89: =단가대비표!O178 -> 57057 | F89: =TRUNC(E89*D89,1) -> 1027 | G89: =단가대비표!P178 -> 0 | H89: =TRUNC(G89*D89,1) -> 0 | I89: =단가대비표!V178 -> 0 | J89: =TRUNC(I89*D89,1) -> 0 | K89: =TRUNC(E89+G89+I89,1) -> 57057 | L89: =TRUNC(F89+H89+J89,1) -> 1027 | M89: 금액제외 | O89: 5D30A595DD7E93B1A3D65630D9A2FBA995E0AE | P89: F | Q89: F | R89: T | V89: 1 | W89: 2 | AW89: 5A169508017B6AB4D35654021934CC5D30A595DD7E93B1A3D65630D9A2FBA995E0AE | AY89: -
A90: 조립식건물부재 | B90: 조립식건물부재, 중도리, c-60*30*10*2.3mm | C90: 개 | D90: 0.38 | E90: =단가대비표!O179 -> 1520 | F90: =TRUNC(E90*D90,1) -> 577.6 | G90: =단가대비표!P179 -> 0 | H90: =TRUNC(G90*D90,1) -> 0 | I90: =단가대비표!V179 -> 0 | J90: =TRUNC(I90*D90,1) -> 0 | K90: =TRUNC(E90+G90+I90,1) -> 1520 | L90: =TRUNC(F90+H90+J90,1) -> 577.6 | M90: 금액제외 | O90: 5D30A595DD7E93B1A3D65630D9A2FBA995E0AF | P90: F | Q90: F | R90: T | V90: 1 | W90: 2 | AW90: 5A169508017B6AB4D35654021934CC5D30A595DD7E93B1A3D65630D9A2FBA995E0AF | AY90: -
A91: 부자재 | B91: 주자재의 14.3% | C91: 식 | D91: 1 | E91: =TRUNC(SUMIF(V80:V93, RIGHTB(O91, 1), F80:F93)*U91, 2) -> 1458.48 | F91: =TRUNC(E91*D91,1) -> 1458.4 | G91: 0 | H91: =TRUNC(G91*D91,1) -> 0 | I91: 0 | J91: =TRUNC(I91*D91,1) -> 0 | K91: =TRUNC(E91+G91+I91,1) -> 1458.4 | L91: =TRUNC(F91+H91+J91,1) -> 1458.4 | M91: 금액제외 | O91: 5B0FE5AE7477F3C133A45DE3096D001 | P91: F | Q91: F | R91: F | S91: 0 | T91: 0 | U91: 0.143 | W91: 2 | AW91: 5A169508017B6AB4D35654021934CC5B0FE5AE7477F3C133A45DE3096D001 | AY91: -
A92: 철재조립식 가설건축물 설치 및 해체 | B92: 창고 | C92: M2 | D92: 1 | E92: =일위대가목록!E136 -> 0 | F92: =TRUNC(E92*D92,1) -> 0 | G92: =일위대가목록!F136 -> 0 | H92: =TRUNC(G92*D92,1) -> 0 | I92: =일위대가목록!G136 -> 65294 | J92: =TRUNC(I92*D92,1) -> 65294 | K92: =TRUNC(E92+G92+I92,1) -> 65294 | L92: =TRUNC(F92+H92+J92,1) -> 65294 | M92: 금액제외 | O92: 5A1695080275B672433B59C709CCDC | P92: T | Q92: F | R92: F | W92: 2 | AW92: 5A169508017B6AB4D35654021934CC5A1695080275B672433B59C709CCDC | AY92: -
A93: 경비로 적용 | B93: 합계의 100% | C93: 식 | D93: 1 | E93: 0 | F93: =TRUNC(E93*D93,1) -> 0 | G93: 0 | H93: =TRUNC(G93*D93,1) -> 0 | I93: =TRUNC(SUMIF(W80:W93, RIGHTB(O93, 1), L80:L93)*U93, 2) -> 76951.6 | J93: =TRUNC(I93*D93,1) -> 76951.6 | K93: =TRUNC(E93+G93+I93,1) -> 76951.6 | L93: =TRUNC(F93+H93+J93,1) -> 76951.6 | N93: 5A169508017B6AB4D35654021934CC | O93: 5B0FE5AE7477F3C133A45DE3096E002 | P93: F | Q93: F | R93: F | S93: 3 | T93: 2 | U93: 1 | AW93: 5A169508017B6AB4D35654021934CC5B0FE5AE7477F3C133A45DE3096F003
A94: [ 합 계 ] | F94: =TRUNC(SUMIF(N80:N93, N79, F80:F93),0) -> 0 | H94: =TRUNC(SUMIF(N80:N93, N79, H80:H93),0) -> 0 | J94: =TRUNC(SUMIF(N80:N93, N79, J80:J93),0) -> 76951 | L94: =F94+H94+J94 -> 76951 | N94: TOTAL | O94: TOTAL
A96: 면적당규준틀 M2 토목 2-4-2.3 ( 호표 6 ) | N96: 5A16950BD779EAC343BE5B2FB9F77F
A97: 각재 | B97: 각재, 외송 | C97: M3 | D97: 0.0016 | E97: =단가대비표!O59 -> 365375 | F97: =TRUNC(E97*D97,1) -> 584.6 | G97: =단가대비표!P59 -> 0 | H97: =TRUNC(G97*D97,1) -> 0 | I97: =단가대비표!V59 -> 0 | J97: =TRUNC(I97*D97,1) -> 0 | K97: =TRUNC(E97+G97+I97,1) -> 365375 | L97: =TRUNC(F97+H97+J97,1) -> 584.6 | N97: 5A16950BD779EAC343BE5B2FB9F77F | O97: 5D30A596E47D9C08637155CDD9303EA25B90F9 | P97: F | Q97: F | R97: T | AW97: 5A16950BD779EAC343BE5B2FB9F77F5D30A596E47D9C08637155CDD9303EA25B90F9
A98: 건축목공 | B98: 일반공사 직종 | C98: 인 | D98: 0.018 | E98: =단가대비표!O243 -> 0 | F98: =TRUNC(E98*D98,1) -> 0 | G98: =단가대비표!P243 -> 217895 | H98: =TRUNC(G98*D98,1) -> 3922.1 | I98: =단가대비표!V243 -> 0 | J98: =TRUNC(I98*D98,1) -> 0 | K98: =TRUNC(E98+G98+I98,1) -> 217895 | L98: =TRUNC(F98+H98+J98,1) -> 3922.1 | N98: 5A16950BD779EAC343BE5B2FB9F77F | O98: 5AC235BE0A707BF6C349567599F97ED497CD4B | P98: F | Q98: F | R98: T | AW98: 5A16950BD779EAC343BE5B2FB9F77F5AC235BE0A707BF6C349567599F97ED497CD4B
A99: 보통인부 | B99: 일반공사 직종 | C99: 인 | D99: 0.016 | E99: =단가대비표!O233 -> 0 | F99: =TRUNC(E99*D99,1) -> 0 | G99: =단가대비표!P233 -> 138989 | H99: =TRUNC(G99*D99,1) -> 2223.8 | I99: =단가대비표!V233 -> 0 | J99: =TRUNC(I99*D99,1) -> 0 | K99: =TRUNC(E99+G99+I99,1) -> 138989 | L99: =TRUNC(F99+H99+J99,1) -> 2223.8 | N99: 5A16950BD779EAC343BE5B2FB9F77F | O99: 5AC235BE0A707BF6C349567599F97ED497CF77 | P99: F | Q99: F | R99: T | AW99: 5A16950BD779EAC343BE5B2FB9F77F5AC235BE0A707BF6C349567599F97ED497CF77
A100: [ 합 계 ] | F100: =TRUNC(SUMIF(N97:N99, N96, F97:F99),0) -> 584 | H100: =TRUNC(SUMIF(N97:N99, N96, H97:H99),0) -> 6145 | J100: =TRUNC(SUMIF(N97:N99, N96, J97:J99),0) -> 0 | L100: =F100+H100+J100 -> 6729 | N100: TOTAL | O100: TOTAL
A102: 강관동바리 설치 및 해체 4.2m 이하 M2 ( 호표 7 ) | N102: 5A16950BD779D84053F8599D2962C7
A103: 강관동바리 설치 및 해체 | B103: 3.5m 초과 ~ 4.2m 이하 | C103: M2 | D103: 1 | E103: =일위대가목록!E137 -> 0 | F103: =TRUNC(E103*D103,1) -> 0 | G103: =일위대가목록!F137 -> 14638 | H103: =TRUNC(G103*D103,1) -> 14638 | I103: =일위대가목록!G137 -> 0 | J103: =TRUNC(I103*D103,1) -> 0 | K103: =TRUNC(E103+G103+I103,1) -> 14638 | L103: =TRUNC(F103+H103+J103,1) -> 14638 | N103: 5A16950BD779D84053F8599D2962C7 | O103: 5A16950BD779D84053F8599D2962C6 | P103: T | Q103: F | R103: F | AW103: 5A16950BD779D84053F8599D2962C75A16950BD779D84053F8599D2962C6
A104: 강관동바리 - 자재비 | B104: 4.2m이하 | C104: M2 | D104: 1 | E104: =일위대가목록!E138 -> 1453 | F104: =TRUNC(E104*D104,1) -> 1453 | G104: =일위대가목록!F138 -> 0 | H104: =TRUNC(G104*D104,1) -> 0 | I104: =일위대가목록!G138 -> 0 | J104: =TRUNC(I104*D104,1) -> 0 | K104: =TRUNC(E104+G104+I104,1) -> 1453 | L104: =TRUNC(F104+H104+J104,1) -> 1453 | N104: 5A16950BD779D84053F8599D2962C7 | O104: 5A16950BD779D84053FA545809AF07 | P104: T | Q104: F | R104: F | AW104: 5A16950BD779D84053F8599D2962C75A16950BD779D84053FA545809AF07
A105: [ 합 계 ] | F105: =TRUNC(SUMIF(N103:N104, N102, F103:F104),0) -> 1453 | H105: =TRUNC(SUMIF(N103:N104, N102, H103:H104),0) -> 14638 | J105: =TRUNC(SUMIF(N103:N104, N102, J103:J104),0) -> 0 | L105: =F105+H105+J105 -> 16091 | N105: TOTAL | O105: TOTAL
A107: 시스템동바리 설치 및 해체 10m 이하 10공M3 공통 2-6-3 ( 호표 8 ) | N107: 5A16950BD779D852C3825C3B09B571
A108: 형틀목공 | B108: 일반공사 직종 | C108: 인 | D108: 0.58 | E108: =단가대비표!O236 -> 0 | F108: =TRUNC(E108*D108,1) -> 0 | G108: =단가대비표!P236 -> 220808 | H108: =TRUNC(G108*D108,1) -> 128068.6 | I108: =단가대비표!V236 -> 0 | J108: =TRUNC(I108*D108,1) -> 0 | K108: =TRUNC(E108+G108+I108,1) -> 220808 | L108: =TRUNC(F108+H108+J108,1) -> 128068.6 | N108: 5A16950BD779D852C3825C3B09B571 | O108: 5AC235BE0A707BF6C349567599F97ED497CF72 | P108: F | Q108: F | R108: T | AW108: 5A16950BD779D852C3825C3B09B5715AC235BE0A707BF6C349567599F97ED497CF72
A109: 보통인부 | B109: 일반공사 직종 | C109: 인 | D109: 0.18 | E109: =단가대비표!O233 -> 0 | F109: =TRUNC(E109*D109,1) -> 0 | G109: =단가대비표!P233 -> 138989 | H109: =TRUNC(G109*D109,1) -> 25018 | I109: =단가대비표!V233 -> 0 | J109: =TRUNC(I109*D109,1) -> 0 | K109: =TRUNC(E109+G109+I109,1) -> 138989 | L109: =TRUNC(F109+H109+J109,1) -> 25018 | N109: 5A16950BD779D852C3825C3B09B571 | O109: 5AC235BE0A707BF6C349567599F97ED497CF77 | P109: F | Q109: F | R109: T | AW109: 5A16950BD779D852C3825C3B09B5715AC235BE0A707BF6C349567599F97ED497CF77
A110: 크레인(타이어) | B110: 15ton | C110: HR | D110: 0.17 | E110: =일위대가목록!E139 -> 6755 | F110: =TRUNC(E110*D110,1) -> 1148.3 | G110: =일위대가목록!F139 -> 42474 | H110: =TRUNC(G110*D110,1) -> 7220.5 | I110: =일위대가목록!G139 -> 37684 | J110: =TRUNC(I110*D110,1) -> 6406.2 | K110: =TRUNC(E110+G110+I110,1) -> 86913 | L110: =TRUNC(F110+H110+J110,1) -> 14775 | N110: 5A16950BD779D852C3825C3B09B571 | O110: 5D0B55B1397E194E03ED553879B519031A20B5A3 | P110: T | Q110: F | R110: F | AW110: 5A16950BD779D852C3825C3B09B5715D0B55B1397E194E03ED553879B519031A20B5A3
A111: 시스템동바리 자재비 | C111: 10공M3 | D111: 1 | E111: =일위대가목록!E140 -> 63779 | F111: =TRUNC(E111*D111,1) -> 63779 | G111: =일위대가목록!F140 -> 0 | H111: =TRUNC(G111*D111,1) -> 0 | I111: =일위대가목록!G140 -> 0 | J111: =TRUNC(I111*D111,1) -> 0 | K111: =TRUNC(E111+G111+I111,1) -> 63779 | L111: =TRUNC(F111+H111+J111,1) -> 63779 | N111: 5A16950BD779D852C3825C3B09B571 | O111: 5A16950BD779D852239D5816C9E6AF | P111: T | Q111: F | R111: F | AW111: 5A16950BD779D852C3825C3B09B5715A16950BD779D852239D5816C9E6AF
...

Sheet 중기단가목록
A1: 중 기 단 가 목 록
A2: [ 업무시설 ]
A3: 코 드 | B3: 품 명 | C3: 규 격 | D3: 단위 | E3: 재 료 비 | F3: 노 무 비 | G3: 경 비 | H3: 합 계 | I3: 번 호 | J3: 비 고 | K3: START
A4: 5A17C52B18718EED83285EA0792554 | B4: 시멘트운반 | C4: L:20km, 덤프 8ton | D4: 포 | E4: 0 | F4: 0 | G4: 1360 | H4: 1360 | I4: 산근 1 | K4: 5A17C52B18718EED83285EA0792554

Sheet 중기단가산출서
A1: 중 기 단 가 산 출 서
A2: [ 업무시설 ]
A3: 산 출 내 역 | B3: 재 료 비 | C3: 노 무 비 | D3: 경 비 | E3: 합 계 | F3: 비 고 | G3: START | H3: 코드 | I3: 품명 | J3: 규격 | K3: 단위 | L3: 수량
A4: 시멘트운반 L:20km, 덤프 8ton 포 공통 8-2-8 ( 산근 1 ) | G4: 5A17C52B18718EED83285EA0792554 | I4: 시멘트운반 | J4: L:20km, 덤프 8ton | K4: 포
G5: 5A17C52B18718EED83285EA0792554 | H5: C | L5: 1
A6: 운반거리 L=20KM 덤프트럭(8톤), 포대당 | B6: 0 | C6: 0 | D6: 0 | E6: 0 | G6: 5A17C52B18718EED83285EA0792554 | H6: C! | I6: '운반거리 L=20KM 덤프트럭(8톤), 포대당'
B7: 0 | C7: 0 | D7: 0 | E7: 0 | G7: 5A17C52B18718EED83285EA0792554 | H7: C!
A8: 차량속도= 25/V1,25/V2,40KM/V3,40KM/V4,25KM/V5,25KM/V6 | B8: 0 | C8: 0 | D8: 0 | E8: 0 | G8: 5A17C52B18718EED83285EA0792554 | H8: C! | I8: '차량속도= 25/V1,25/V2,40KM/V3,40KM/V4,25KM/V5,25KM/V6 '
A9: 하치장○-----------------0------------0---------○20KM | B9: 0 | C9: 0 | D9: 0 | E9: 0 | G9: 5A17C52B18718EED83285EA0792554 | H9: C! | I9: '하치장○-----------------0------------0---------○20KM '
A10: 운반거리=하치장L1=0.0KM,시내L2=19.5KM,공사장L3=0.5KM | B10: 0 | C10: 0 | D10: 0 | E10: 0 | G10: 5A17C52B18718EED83285EA0792554 | H10: C! | I10: '운반거리=하치장L1=0.0KM,시내L2=19.5KM,공사장L3=0.5KM'
B11: 0 | C11: 0 | D11: 0 | E11: 0 | G11: 5A17C52B18718EED83285EA0792554 | H11: C!
A12: 인력운반 (품셈 1-5-1) 적재비(하치장 상차도 미계상,공장상차도 계상) | B12: 0 | C12: 0 | D12: 0 | E12: 0 | G12: 5A17C52B18718EED83285EA0792554 | H12: C! | I12: '인력운반 (품셈 1-5-1) 적재비(하치장 상차도 미계상,공장상차도 계상)'
A13: L 소운반거리(M) =20 | B13: 0 | C13: 0 | D13: 0 | E13: 0 | G13: 5A17C52B18718EED83285EA0792554 | H13: C! | I13: L '소운반거리(M)' =20
A14: A 1회 운반량(BG) =1 | B14: 0 | C14: 0 | D14: 0 | E14: 0 | G14: 5A17C52B18718EED83285EA0792554 | H14: C! | I14: A '1회 운반량(BG)' =1
A15: T 단위(KG) =8000 | B15: 0 | C15: 0 | D15: 0 | E15: 0 | G15: 5A17C52B18718EED83285EA0792554 | H15: C! | I15: T '단위(KG)' =8000
A16: RT 단위중량(KG) =40 | B16: 0 | C16: 0 | D16: 0 | E16: 0 | G16: 5A17C52B18718EED83285EA0792554 | H16: C! | I16: RT '단위중량(KG)' =40
A17: MV 운반인부의 속도2500M/HR =2500/60= 41.6666 | B17: 0 | C17: 0 | D17: 0 | E17: 0 | G17: 5A17C52B18718EED83285EA0792554 | H17: C! | I17: MV '운반인부의 속도2500M/HR' =2500/60=?
A18: T1 어깨메고부리기시간(MIN) =2.0 | B18: 0 | C18: 0 | D18: 0 | E18: 0 | G18: 5A17C52B18718EED83285EA0792554 | H18: C! | I18: T1 '어깨메고부리기시간(MIN)' =2.0
A19: QT 차량 1대당 적재용량(BG) =T/RT= 200 | B19: 0 | C19: 0 | D19: 0 | E19: 0 | G19: 5A17C52B18718EED83285EA0792554 | H19: C! | I19: QT '차량 1대당 적재용량(BG)' =T/RT=?
A20: N 차량 1대당 소요운반회수 =QT/A= 200 | B20: 0 | C20: 0 | D20: 0 | E20: 0 | G20: 5A17C52B18718EED83285EA0792554 | H20: C! | I20: N '차량 1대당 소요운반회수' =QT/A=?
A21: CMS 운반 1회당 소요시간(MIN) =L*2/MV+T1= 2.96 | B21: 0 | C21: 0 | D21: 0 | E21: 0 | G21: 5A17C52B18718EED83285EA0792554 | H21: C! | I21: CMS '운반 1회당 소요시간(MIN)' =L*2/MV+T1=?
A22: T1A 차량 1대당 적재소요시간(MIN) =CMS*N= 592 | B22: 0 | C22: 0 | D22: 0 | E22: 0 | G22: 5A17C52B18718EED83285EA0792554 | H22: C! | I22: T1A '차량 1대당 적재소요시간(MIN)' =CMS*N=?
A23: Q 단위당 소요인부(상,하차) =T1A/450*1/QT= 0.007 | B23: 0 | C23: 0 | D23: 0 | E23: 0 | G23: 5A17C52B18718EED83285EA0792554 | H23: C! | I23: Q '단위당 소요인부(상,하차)' =T1A/450*1/QT=?
B24: 0 | C24: 0 | D24: 0 | E24: 0 | G24: 5A17C52B18718EED83285EA0792554 | H24: C!
A25: 1.덤프트럭(8톤/HR) | B25: 0 | C25: 0 | D25: 0 | E25: 0 | G25: 5A17C52B18718EED83285EA0792554 | H25: C! | I25: '1.덤프트럭(8톤/HR)'
A26: T 적재용량(KG) =8000 | B26: 0 | C26: 0 | D26: 0 | E26: 0 | G26: 5A17C52B18718EED83285EA0792554 | H26: C! | I26: T '적재용량(KG)' =8000
A27: R1 단위중량(KG) =40 | B27: 0 | C27: 0 | D27: 0 | E27: 0 | G27: 5A17C52B18718EED83285EA0792554 | H27: C! | I27: r1 '단위중량(KG)' =40
A28: Q1 1회 적재량(BG) =T/R1= 200 | B28: 0 | C28: 0 | D28: 0 | E28: 0 | G28: 5A17C52B18718EED83285EA0792554 | H28: C! | I28: q1 '1회 적재량(BG)' =T/r1=?
A29: f 토량 환산계수 =1 | B29: 0 | C29: 0 | D29: 0 | E29: 0 | G29: 5A17C52B18718EED83285EA0792554 | H29: C! | I29: f '토량 환산계수' =1
A30: E 작업효율 =0.9 | B30: 0 | C30: 0 | D30: 0 | E30: 0 | G30: 5A17C52B18718EED83285EA0792554 | H30: C! | I30: E '작업효율' =0.9
B31: 0 | C31: 0 | D31: 0 | E31: 0 | G31: 5A17C52B18718EED83285EA0792554 | H31: C!
A32: L1 하치장내 운반거리(KM) =0.0 | B32: 0 | C32: 0 | D32: 0 | E32: 0 | G32: 5A17C52B18718EED83285EA0792554 | H32: C! | I32: L1 '하치장내 운반거리(KM)' =0.0
A33: L2 도로주행 운반거리(KM) =19.5 | B33: 0 | C33: 0 | D33: 0 | E33: 0 | G33: 5A17C52B18718EED83285EA0792554 | H33: C! | I33: L2 '도로주행 운반거리(KM)' =19.5
A34: L3 공사장내 운반거리(KM) =0.5 | B34: 0 | C34: 0 | D34: 0 | E34: 0 | G34: 5A17C52B18718EED83285EA0792554 | H34: C! | I34: L3 '공사장내 운반거리(KM)' =0.5
A35: V1 하치장내적재운반속도(KM/HR) =25 | B35: 0 | C35: 0 | D35: 0 | E35: 0 | G35: 5A17C52B18718EED83285EA0792554 | H35: C! | I35: V1 '하치장내적재운반속도(KM/HR)' =25
A36: V2 하치장내공차운반속도(KM/HR) =25 | B36: 0 | C36: 0 | D36: 0 | E36: 0 | G36: 5A17C52B18718EED83285EA0792554 | H36: C! | I36: V2 '하치장내공차운반속도(KM/HR)' =25
A37: V3 도로주행적재운반속도(KM/HR) =40 | B37: 0 | C37: 0 | D37: 0 | E37: 0 | G37: 5A17C52B18718EED83285EA0792554 | H37: C! | I37: V3 '도로주행적재운반속도(KM/HR)' =40
A38: V4 도로주행공차운반속도(KM/HR) =40 | B38: 0 | C38: 0 | D38: 0 | E38: 0 | G38: 5A17C52B18718EED83285EA0792554 | H38: C! | I38: V4 '도로주행공차운반속도(KM/HR)' =40
A39: V5 공사장내적재운반속도(KM/HR) =25 | B39: 0 | C39: 0 | D39: 0 | E39: 0 | G39: 5A17C52B18718EED83285EA0792554 | H39: C! | I39: V5 '공사장내적재운반속도(KM/HR)' =25
A40: V6 공사장내공차운반속도(KM/HR) =25 | B40: 0 | C40: 0 | D40: 0 | E40: 0 | G40: 5A17C52B18718EED83285EA0792554 | H40: C! | I40: V6 '공사장내공차운반속도(KM/HR)' =25
B41: 0 | C41: 0 | D41: 0 | E41: 0 | G41: 5A17C52B18718EED83285EA0792554 | H41: C!
A42: T1 적재시간(MIN) =CMS= 2.96 | B42: 0 | C42: 0 | D42: 0 | E42: 0 | G42: 5A17C52B18718EED83285EA0792554 | H42: C! | I42: t1 '적재시간(MIN)' =CMS=?
A43: T2 왕복시간(MIN) =((L1/V1)+(L1/V2)+(L2/V3)+(L2/V4)+(L3/V5)+(L3/V6))*60= 60.9 | B43: 0 | C43: 0 | D43: 0 | E43: 0 | G43: 5A17C52B18718EED83285EA0792554 | H43: C! | I43: t2 '왕복시간(MIN)' =((L1/V1)+(L1/V2)+(L2/V3)+(L2/V4)+(L3/V5)+(L3/V6))*60=?
A44: T3 적하시간(MIN) =CMS= 2.96 | B44: 0 | C44: 0 | D44: 0 | E44: 0 | G44: 5A17C52B18718EED83285EA0792554 | H44: C! | I44: t3 '적하시간(MIN)' =CMS=?
A45: T4 적재대기시간(MIN) =0.42 | B45: 0 | C45: 0 | D45: 0 | E45: 0 | G45: 5A17C52B18718EED83285EA0792554 | H45: C! | I45: t4 '적재대기시간(MIN)' =0.42
A46: T5 적재함덮개 및 해체시간(MIN) =3.77 | B46: 0 | C46: 0 | D46: 0 | E46: 0 | G46: 5A17C52B18718EED83285EA0792554 | H46: C! | I46: t5 '적재함덮개 및 해체시간(MIN)' =3.77
A47: T6 세륜시간 (MIN) =1.5 | B47: 0 | C47: 0 | D47: 0 | E47: 0 | G47: 5A17C52B18718EED83285EA0792554 | H47: C! | I47: t6 '세륜시간 (MIN)' =1.5
B48: 0 | C48: 0 | D48: 0 | E48: 0 | G48: 5A17C52B18718EED83285EA0792554 | H48: C!
A49: CM 1회 싸이클 시간(MIN) =T1+T2+T3+T4+T5+T6= 72.51 | B49: 0 | C49: 0 | D49: 0 | E49: 0 | G49: 5A17C52B18718EED83285EA0792554 | H49: C! | I49: Cm '1회 싸이클 시간(MIN)' =t1+t2+t3+t4+t5+t6=?
A50: Q 시간당 작업량(BG/HR) =60*Q1*F*E/CM= 148.945 | B50: 0 | C50: 0 | D50: 0 | E50: 0 | G50: 5A17C52B18718EED83285EA0792554 | H50: C! | I50: Q '시간당 작업량(BG/HR)' =60*q1*f*E/Cm=?
A51: Z 공제시간(HR) =(CM-(T1+T3+T4+T5))/CM= 0.8605 | B51: 0 | C51: 0 | D51: 0 | E51: 0 | G51: 5A17C52B18718EED83285EA0792554 | H51: C! | I51: Z '공제시간(HR)' =(Cm-(t1+t3+T4+t5))/Cm=?
A52: 재료비: 13270 / 148.945*Z = 76.6 | B52: 0 | C52: 0 | D52: 76.6 | E52: 76.6 | G52: 5A17C52B18718EED83285EA0792554 | H52: C! | I52: '재료비:' ~00000602008000000.M~ / {Q}*Z =?EQ+
A53: 노무비: 36869 / 148.945 = 247.5 | B53: 0 | C53: 0 | D53: 247.5 | E53: 247.5 | G53: 5A17C52B18718EED83285EA0792554 | H53: C! | I53: '노무비:' ~00000602008000000.L~ / {Q} =?EQ+
A54: 경 비: 9393 / 148.945 = 63 | B54: 0 | C54: 0 | D54: 63 | E54: 63 | G54: 5A17C52B18718EED83285EA0792554 | H54: C! | I54: '경 비:' ~00000602008000000.E~ / {Q} =?EQ+
A55: 소 계 | B55: 0 | C55: 0 | D55: 387.1 | E55: 387.1 | G55: 5A17C52B18718EED83285EA0792554 | H55: C! | I55: >'소 계'
B56: 0 | C56: 0 | D56: 0 | E56: 0 | G56: 5A17C52B18718EED83285EA0792554 | H56: C!
A57: 2.인력운반 (품셈 1-5-1) 적하비 | B57: 0 | C57: 0 | D57: 0 | E57: 0 | G57: 5A17C52B18718EED83285EA0792554 | H57: C! | I57: '2.인력운반 (품셈 1-5-1) 적하비
A58: L 소운반거리(M) =20 | B58: 0 | C58: 0 | D58: 0 | E58: 0 | G58: 5A17C52B18718EED83285EA0792554 | H58: C! | I58: L '소운반거리(M)' =20
A59: A 1회 운반량(BG) =1 | B59: 0 | C59: 0 | D59: 0 | E59: 0 | G59: 5A17C52B18718EED83285EA0792554 | H59: C! | I59: A '1회 운반량(BG)' =1
A60: T 단위(KG) =8000 | B60: 0 | C60: 0 | D60: 0 | E60: 0 | G60: 5A17C52B18718EED83285EA0792554 | H60: C! | I60: T '단위(KG)' =8000
A61: RT 단위중량(KG) =40 | B61: 0 | C61: 0 | D61: 0 | E61: 0 | G61: 5A17C52B18718EED83285EA0792554 | H61: C! | I61: RT '단위중량(KG)' =40
A62: MV 운반인부의 속도2500M/HR =2500/60= 41.6666 | B62: 0 | C62: 0 | D62: 0 | E62: 0 | G62: 5A17C52B18718EED83285EA0792554 | H62: C! | I62: MV '운반인부의 속도2500M/HR' =2500/60=?
A63: T1 어깨메고부리기시간(MIN) =2.0 | B63: 0 | C63: 0 | D63: 0 | E63: 0 | G63: 5A17C52B18718EED83285EA0792554 | H63: C! | I63: T1 '어깨메고부리기시간(MIN)' =2.0
A64: QT 차량 1대당 적재용량(BG) =T/RT= 200 | B64: 0 | C64: 0 | D64: 0 | E64: 0 | G64: 5A17C52B18718EED83285EA0792554 | H64: C! | I64: QT '차량 1대당 적재용량(BG)' =T/RT=?
A65: N 차량 1대당 소요운반회수 =QT/A= 200 | B65: 0 | C65: 0 | D65: 0 | E65: 0 | G65: 5A17C52B18718EED83285EA0792554 | H65: C! | I65: N '차량 1대당 소요운반회수' =QT/A=?
A66: CMS 운반 1회당 소요시간(MIN) =L*2/MV+T1= 2.96 | B66: 0 | C66: 0 | D66: 0 | E66: 0 | G66: 5A17C52B18718EED83285EA0792554 | H66: C! | I66: CMS '운반 1회당 소요시간(MIN)' =L*2/MV+T1=?
A67: T1A 차량 1대당 적재소요시간(MIN) =CMS*N= 592 | B67: 0 | C67: 0 | D67: 0 | E67: 0 | G67: 5A17C52B18718EED83285EA0792554 | H67: C! | I67: T1A '차량 1대당 적재소요시간(MIN)' =CMS*N=?
A68: Q 단위당 소요인부(상,하차) =T1A/450*1/QT= 0.007 | B68: 0 | C68: 0 | D68: 0 | E68: 0 | G68: 5A17C52B18718EED83285EA0792554 | H68: C! | I68: Q '단위당 소요인부(상,하차)' =T1A/450*1/QT=?
B69: 0 | C69: 0 | D69: 0 | E69: 0 | G69: 5A17C52B18718EED83285EA0792554 | H69: C!
A70: 보통인부 | B70: 0 | C70: 0 | D70: 0 | E70: 0 | G70: 5A17C52B18718EED83285EA0792554 | H70: C! | I70: '보통인부'
A71: 노무비: 138989*Q = 972.9 | B71: 0 | C71: 0 | D71: 972.9 | E71: 972.9 | G71: 5A17C52B18718EED83285EA0792554 | H71: C! | I71: '노무비:'~L001010101000002.L~*Q =?EQ+
A72: 소 계 | B72: 0 | C72: 0 | D72: 972.9 | E72: 972.9 | G72: 5A17C52B18718EED83285EA0792554 | H72: C! | I72: >'소 계'
A73: 총 계 | B73: 0 | C73: 0 | D73: 1360 | E73: 1360

Sheet 단가대비표
A1: 단 가 대 비 표
A2: [ 업무시설 ]
A3: 코 드 | B3: 품 명 | C3: 규격 | D3: 단위 | E3: 재 료 비 | P3: 노 무 비 | Q3: 경 비 | W3: 번 호 | X3: 비 고 | Y3: 품목구분 | Z3: 노임구분 | AA3: 소수점처리 | AB3: 자재구분
E4: 조달청가격 | F4: PAGE | G4: 거래가격 | H4: PAGE | I4: 유통물가 | J4: PAGE | K4: 조사가격1 | L4: PAGE | M4: 조사가격2 | N4: PAGE | O4: 적용단가 | Q4: 조달청가격 | R4: 거래가격 | S4: 유통물가 | T4: 조사가격1 | U4: 조사가격2 | V4: 적용단가
A5: 5D0B55B1397E340AE3CF5B03B99D8261B1EE9F | B5: 굴삭기(무한궤도) | C5: 0.2㎥ | D5: 대 | E5: 0 | G5: 0 | I5: 0 | K5: 0 | M5: 0 | O5: 0 | P5: 0 | Q5: 0 | R5: 0 | S5: 0 | T5: 0 | U5: 59000 | V5: =SMALL(Q5:U5,COUNTIF(Q5:U5,0)+1) -> 59000 | W5: 자재 1 | X5: 천원
A6: 5D0B55B1397E3440937D57B7F9DEA55F84BA05 | B6: 덤프트럭 | C6: 8ton | D6: 대 | E6: 0 | G6: 0 | I6: 0 | K6: 0 | M6: 0 | O6: 0 | P6: 0 | Q6: 0 | R6: 0 | S6: 0 | T6: 0 | U6: 33312 | V6: =SMALL(Q6:U6,COUNTIF(Q6:U6,0)+1) -> 33312 | W6: 자재 2 | X6: 천원
A7: 5D0B55B1397E2BF643F056C429D4E48E959CB6 | B7: 진동롤러(핸드가이드식) | C7: 0.7ton | D7: 대 | E7: 0 | G7: 0 | I7: 0 | K7: 0 | M7: 0 | O7: 0 | P7: 0 | Q7: 0 | R7: 0 | S7: 0 | T7: 0 | U7: 5948 | V7: =SMALL(Q7:U7,COUNTIF(Q7:U7,0)+1) -> 5948 | W7: 자재 3 | X7: 천원
A8: 5D0B55B1397E194E03ED553879B519031A20B5 | B8: 크레인(타이어) | C8: 15ton | D8: 대 | E8: 0 | G8: 0 | I8: 0 | K8: 0 | M8: 0 | O8: 0 | P8: 0 | Q8: 0 | R8: 0 | S8: 0 | T8: 0 | U8: 163988 | V8: =SMALL(Q8:U8,COUNTIF(Q8:U8,0)+1) -> 163988 | W8: 자재 4 | X8: 천원
A9: 5D0B55B1397E738423975DADE9BDB344591914 | B9: 콘크리트 펌프차 | C9: 43m(80∼95㎥/hr) | D9: 대 | E9: 0 | G9: 0 | I9: 0 | K9: 0 | M9: 0 | O9: 0 | P9: 0 | Q9: 0 | R9: 0 | S9: 0 | T9: 0 | U9: 383200 | V9: =SMALL(Q9:U9,COUNTIF(Q9:U9,0)+1) -> 383200 | W9: 자재 5 | X9: 천원
A10: 5D0B55B1397E46F8F3F6596F393B7876E0A909 | B10: 용접기(교류) | C10: 500Amp | D10: 대 | E10: 0 | G10: 0 | I10: 0 | K10: 0 | M10: 0 | O10: 0 | P10: 0 | Q10: 0 | R10: 0 | S10: 0 | T10: 0 | U10: 588 | V10: =SMALL(Q10:U10,COUNTIF(Q10:U10,0)+1) -> 588 | W10: 자재 6 | X10: 천원
A11: 5D15D5C35A7BFBE9B301501389BEF0C1249395 | B11: 자갈 | C11: 자갈, 서울, 도착도, #57 | D11: M3 | E11: 0 | G11: 28000 | H11: 109 | I11: 0 | K11: 0 | M11: 0 | O11: =SMALL(E11:M11,COUNTIF(E11:M11,0)+1) -> 28000 | P11: 0 | Q11: 0 | R11: 0 | S11: 0 | T11: 0 | U11: 0 | V11: 0 | W11: 자재 7
A12: 5D15D5C35A7BFBFA136A559CF9F2C625E55BCE | B12: 모래 | C12: (별도) | D12: M3 | E12: 0 | G12: 0 | I12: 0 | K12: 0 | M12: 0 | O12: 0 | P12: 0 | Q12: 0 | R12: 0 | S12: 0 | T12: 0 | U12: 0 | V12: 0 | W12: 자재 8 | X12: 별도
A13: 5D15D5C35A7BFBFA136A559CF9F2C625E55BCC | B13: 모래 | C13: 모래, 서울, 세척사, 도착도 | D13: M3 | E13: 0 | G13: 0 | I13: 32000 | J13: 61 | K13: 0 | M13: 0 | O13: =SMALL(E13:M13,COUNTIF(E13:M13,0)+1) -> 32000 | P13: 0 | Q13: 0 | R13: 0 | S13: 0 | T13: 0 | U13: 0 | V13: 0 | W13: 자재 9
A14: 5D15D5C359796E6BD3F75CDC992047E154B159 | B14: 톱밥 | C14: 톱밥, 건설용톱밥 | D14: L | E14: 0 | G14: 0 | I14: 0 | K14: 0 | M14: 0 | O14: 0 | P14: 0 | Q14: 0 | R14: 0 | S14: 0 | T14: 0 | U14: 0 | V14: 0 | W14: 자재 10
A15: 5D15D5C359795DAC93445FF2F9D679278223DE | B15: 보통합판 | C15: 보통합판, 1급, 2.7*1220*2440mm | D15: M2 | E15: 2322 | G15: 2956.19 | H15: 653 | I15: 2479.17 | J15: 417 | K15: 0 | M15: 0 | O15: =SMALL(E15:M15,COUNTIF(E15:M15,0)+1) -> 2322 | P15: 0 | Q15: 0 | R15: 0 | S15: 0 | T15: 0 | U15: 0 | V15: 0 | W15: 자재 11
A16: 5D15D5C359795DAC93445FF2F9D679278226A3 | B16: 내수합판 | C16: 내수합판, 1급, 12*1220*2440mm | D16: M2 | E16: 7577 | G16: 9002.95 | H16: 653 | I16: 8011.95 | J16: 417 | K16: 0 | M16: 0 | O16: =SMALL(E16:M16,COUNTIF(E16:M16,0)+1) -> 7577 | P16: 0 | Q16: 0 | R16: 0 | S16: 0 | T16: 0 | U16: 0 | V16: 0 | W16: 자재 12
A17: 5D15D5C359795DAC93465A91099619CBDED26B | B17: 중밀도섬유판 | C17: 중밀도섬유판, 9.0*1220*2440mm | D17: M2 | E17: 3811 | G17: 4434.29 | H17: 654 | I17: 3997.58 | J17: 419 | K17: 0 | M17: 0 | O17: =SMALL(E17:M17,COUNTIF(E17:M17,0)+1) -> 3811 | P17: 0 | Q17: 0 | R17: 0 | S17: 0 | T17: 0 | U17: 0 | V17: 0 | W17: 자재 13
A18: 5D15D5C352769C65735653EBD95ED5B238CF4A | B18: 철강설 | C18: 철강설, 고철, 작업설부산물 | D18: TON | E18: 140000 | G18: 290000 | H18: 1488 | I18: 247000 | J18: 1246 | K18: 0 | M18: 0 | O18: =SMALL(E18:M18,COUNTIF(E18:M18,0)+1) -> 140000 | P18: 0 | Q18: 0 | R18: 0 | S18: 0 | T18: 0 | U18: 0 | V18: 0 | W18: 자재 14 | X18: 수집상차도
A19: 5D15D5C352769C65735653EBD95ED5B238CF49 | B19: 철강설 | C19: 철강설, 고철, 작업설부산물 | D19: kg | E19: 140 | G19: 290 | H19: 1488 | I19: 247 | J19: 1246 | K19: 0 | M19: 0 | O19: =SMALL(E19:M19,COUNTIF(E19:M19,0)+1) -> 140 | P19: 0 | Q19: 0 | R19: 0 | S19: 0 | T19: 0 | U19: 0 | V19: 0 | W19: 자재 15 | X19: 수집상차도
A20: 5D15D5C352769C65735653EBD95ED5B238CEA4 | B20: 철강설 | C20: 철강설, 스텐레스, 작업설부산물 | D20: kg | E20: 1050 | G20: 1400 | H20: 1488 | I20: 1350 | J20: 1246 | K20: 0 | M20: 0 | O20: =SMALL(E20:M20,COUNTIF(E20:M20,0)+1) -> 1050 | P20: 0 | Q20: 0 | R20: 0 | S20: 0 | T20: 0 | U20: 0 | V20: 0 | W20: 자재 16 | X20: 수집상차도
A21: 5D15E5E95A74313423B356D9190AE964CF9543 | B21: 산소가스 | C21: 기체 | D21: L | E21: 2.22 | G21: 3.12 | H21: 1467 | I21: 2.5 | J21: 1238 | K21: 0 | M21: 0 | O21: =SMALL(E21:M21,COUNTIF(E21:M21,0)+1) -> 2.22 | P21: 0 | Q21: 0 | R21: 0 | S21: 0 | T21: 0 | U21: 0 | V21: 0 | W21: 자재 17 | X21: 대기압상태기준
A22: 5D15E5E9587903BC83415A71394AA7278546B2 | B22: 감수제 | C22: 감수제, 혼화제, 메도로스1000 | D22: g | E22: 0 | G22: 0 | I22: 0 | K22: 0 | M22: 0 | O22: 0 | P22: 0 | Q22: 0 | R22: 0 | S22: 0 | T22: 0 | U22: 0 | V22: 0 | W22: 자재 18
A23: 5D15E5E95879035BF3F251D46969278DCE584E | B23: FINE SEAL COAT | C23: HFS-100 | D23: kg | E23: 0 | G23: 0 | I23: 0 | K23: 0 | M23: 3000 | O23: =SMALL(E23:M23,COUNTIF(E23:M23,0)+1) -> 3000 | P23: 0 | Q23: 0 | R23: 0 | S23: 0 | T23: 0 | U23: 0 | V23: 0 | W23: 자재 19
A24: 5D15E5E95879035BF3F251D46969278DCE5955 | B24: 수용성아스팔트프라이머 | C24: HFP-110 | D24: L | E24: 0 | G24: 0 | I24: 0 | K24: 0 | M24: 3000 | O24: =SMALL(E24:M24,COUNTIF(E24:M24,0)+1) -> 3000 | P24: 0 | Q24: 0 | R24: 0 | S24: 0 | T24: 0 | U24: 0 | V24: 0 | W24: 자재 20
A25: 5D15E5E95879035BF3F251D46969278DCE5A7C | B25: 부직포 | C25: HFS-120 | D25: M2 | E25: 0 | G25: 0 | I25: 0 | K25: 0 | M25: 1500 | O25: =SMALL(E25:M25,COUNTIF(E25:M25,0)+1) -> 1500 | P25: 0 | Q25: 0 | R25: 0 | S25: 0 | T25: 0 | U25: 0 | V25: 0 | W25: 자재 21
A26: 5D15E5E95879035BF3F251D46969278DCE5B02 | B26: 스타코트 에멀젼 | C26: HE-1000 | D26: kg | E26: 0 | G26: 0 | I26: 0 | K26: 0 | M26: 7500 | O26: =SMALL(E26:M26,COUNTIF(E26:M26,0)+1) -> 7500 | P26: 0 | Q26: 0 | R26: 0 | S26: 0 | T26: 0 | U26: 0 | V26: 0 | W26: 자재 22
A27: 5D15E5E95879035BF3F251D46969278DCE5C29 | B27: 스타코트 파우더 | C27: HP-1000 | D27: kg | E27: 0 | G27: 0 | I27: 0 | K27: 0 | M27: 3000 | O27: =SMALL(E27:M27,COUNTIF(E27:M27,0)+1) -> 3000 | P27: 0 | Q27: 0 | R27: 0 | S27: 0 | T27: 0 | U27: 0 | V27: 0 | W27: 자재 23
A28: 5D15E5E95879035B639E590169248AD1D67D2B | B28: 기타도막방수재 | C28: 기타도막방수재, 방수액고점도(1:50희석) | D28: L | E28: 0 | G28: 0 | I28: 0 | K28: 0 | M28: 0 | O28: 0 | P28: 0 | Q28: 0 | R28: 0 | S28: 0 | T28: 0 | U28: 0 | V28: 0 | W28: 자재 24
A29: 5D15E5E9567E63D2D31B5361995899FCF06A70 | B29: 박리제 | C29: 박리제, 목재용, 수성 | D29: L | E29: 959 | G29: 2000 | H29: 175 | I29: 1250 | J29: 85 | K29: 0 | M29: 0 | O29: =SMALL(E29:M29,COUNTIF(E29:M29,0)+1) -> 959 | P29: 0 | Q29: 0 | R29: 0 | S29: 0 | T29: 0 | U29: 0 | V29: 0 | W29: 자재 25
A30: 5D15F58E1B7B8368233D5B5B09C330F3572308 | B30: 폴리에틸렌필름 | C30: 폴리에틸렌필름, 두께, 0.03mm | D30: M2 | E30: 157 | G30: 183.91 | H30: 1476 | I30: 177.04 | J30: 1230 | K30: 0 | M30: 0 | O30: =SMALL(E30:M30,COUNTIF(E30:M30,0)+1) -> 157 | P30: 0 | Q30: 0 | R30: 0 | S30: 0 | T30: 0 | U30: 0 | V30: 0 | W30: 자재 26
A31: 5D159566BD72182263A05ADC2962528EF2A01C | B31: 경유 | C31: 경유, 저유황 | D31: L | E31: 0 | G31: 1133.63 | H31: 1467 | I31: 1034 | J31: 1237 | K31: 0 | M31: 0 | O31: =SMALL(E31:M31,COUNTIF(E31:M31,0)+1) -> 1034 | P31: 0 | Q31: 0 | R31: 0 | S31: 0 | T31: 0 | U31: 0 | V31: 0 | W31: 자재 27
A32: 5D159566BC718ED9D30E55ABE956D425DA68AC | B32: 아세틸렌가스 | C32: 아세틸렌가스, kg | D32: kg | E32: 12041.9 | G32: 14100 | H32: 1467 | I32: 13000 | J32: 1238 | K32: 0 | M32: 0 | O32: =SMALL(E32:M32,COUNTIF(E32:M32,0)+1) -> 12041.9 | P32: 0 | Q32: 0 | R32: 0 | S32: 0 | T32: 0 | U32: 0 | V32: 0 | W32: 자재 28
A33: 5D26055A257E27AC43765E71F97406CFD59D70 | B33: 용접봉(연강용) | C33: 3.2(KSE4301) | D33: kg | E33: 0 | G33: 2290 | H33: 1342 | I33: 2390 | J33: 1180 | K33: 0 | M33: 0 | O33: =SMALL(E33:M33,COUNTIF(E33:M33,0)+1) -> 2290 | P33: 0 | Q33: 0 | R33: 0 | S33: 0 | T33: 0 | U33: 0 | V33: 0 | W33: 자재 29
A34: 5D26055A257E27AC43765E71F97406CFD6B2C0 | B34: 스테인리스강용피복아크용접봉 | C34: 스테인리스강용피복아크용접봉, ∮3.2mm, AWSE309 | D34: kg | E34: 0 | G34: 11270 | H34: 1342 | I34: 11350 | J34: 1180 | K34: 0 | M34: 0 | O34: =SMALL(E34:M34,COUNTIF(E34:M34,0)+1) -> 11270 | P34: 0 | Q34: 0 | R34: 0 | S34: 0 | T34: 0 | U34: 0 | V34: 0 | W34: 자재 30
A35: 5D26055A257E27AC43765E71F97406CFD740CA | B35: PVC용접봉 | C35: PVC용접봉, ∮2.6mm | D35: kg | E35: 0 | G35: 5000 | H35: 1343 | I35: 0 | K35: 0 | M35: 0 | O35: =SMALL(E35:M35,COUNTIF(E35:M35,0)+1) -> 5000 | P35: 0 | Q35: 0 | R35: 0 | S35: 0 | T35: 0 | U35: 0 | V35: 0 | W35: 자재 31
A36: 5D2675863C72A355831E5F6349CAC2760B8BF5 | B36: 공통자재 | C36: 하드롱지 | D36: M2 | E36: 408 | G36: 408.35 | H36: 675 | I36: 0 | K36: 0 | M36: 0 | O36: =SMALL(E36:M36,COUNTIF(E36:M36,0)+1) -> 408 | P36: 0 | Q36: 0 | R36: 0 | S36: 0 | T36: 0 | U36: 0 | V36: 0 | W36: 자재 32
A37: 5D2675863C72A355831E5F6349CAC2760B8C98 | B37: 안전발판 | C37: PSP, 3040*420*3mm | D37: 매 | E37: 0 | G37: 23000 | H37: 169 | I37: 0 | K37: 0 | M37: 0 | O37: =SMALL(E37:M37,COUNTIF(E37:M37,0)+1) -> 23000 | P37: 0 | Q37: 0 | R37: 0 | S37: 0 | T37: 0 | U37: 0 | V37: 0 | W37: 자재 33
A38: 5D30A596E47DBF6C13B351DA59E5C4697B0369 | B38: ㄱ형강 | C38: ㄱ형강, 등변, 25*25*3mm | D38: kg | E38: 670 | G38: 710 | H38: 54 | I38: 0 | K38: 0 | M38: 0 | O38: =SMALL(E38:M38,COUNTIF(E38:M38,0)+1) -> 670 | P38: 0 | Q38: 0 | R38: 0 | S38: 0 | T38: 0 | U38: 0 | V38: 0 | W38: 자재 34
A39: 5D30A596E47DBF6C13B351DA59E5C4697B0362 | B39: ㄱ형강 | C39: ㄱ형강, 등변, 50*50*4mm | D39: kg | E39: 670 | G39: 710 | H39: 54 | I39: 661 | J39: 21 | K39: 0 | M39: 0 | O39: =SMALL(E39:M39,COUNTIF(E39:M39,0)+1) -> 661 | P39: 0 | Q39: 0 | R39: 0 | S39: 0 | T39: 0 | U39: 0 | V39: 0 | W39: 자재 35
A40: 5D30A596E47DBF53A3225D46A9B466DD87BCC4 | B40: 평강 | C40: 평강, t3*19∼50mm | D40: kg | E40: 0 | G40: 720 | H40: 51 | I40: 690 | J40: 23 | K40: 0 | M40: 0 | O40: =SMALL(E40:M40,COUNTIF(E40:M40,0)+1) -> 690 | P40: 0 | Q40: 0 | R40: 0 | S40: 0 | T40: 0 | U40: 0 | V40: 0 | W40: 자재 36
A41: 5D30A596E47DBF53A3225D46A9B466DD87BCC7 | B41: 평강 | C41: 평강, t6*38∼75mm | D41: kg | E41: 0 | G41: 720 | H41: 51 | I41: 690 | J41: 23 | K41: 0 | M41: 0 | O41: =SMALL(E41:M41,COUNTIF(E41:M41,0)+1) -> 690 | P41: 0 | Q41: 0 | R41: 0 | S41: 0 | T41: 0 | U41: 0 | V41: 0 | W41: 자재 37
A42: 5D30A596E47DBF53B3C459CCB9EC1C17428B87 | B42: 철근콘크리트용봉강 | C42: 철근콘크리트용봉강, 이형봉강(SD350/400), HD-10, 지정장소도 | D42: TON | E42: 0 | G42: 675000 | H42: 49 | I42: 673000 | J42: 17 | K42: 0 | M42: 0 | O42: =SMALL(E42:M42,COUNTIF(E42:M42,0)+1) -> 673000 | P42: 0 | Q42: 0 | R42: 0 | S42: 0 | T42: 0 | U42: 0 | V42: 0 | W42: 자재 38
A43: 5D30A596E47DBF53B3C459CCB9EC1C1741E41D | B43: 철근콘크리트용봉강 | C43: 철근콘크리트용봉강, 이형봉강(SD350/400), HD-13, 지정장소도 | D43: TON | E43: 0 | G43: 665000 | H43: 49 | I43: 663000 | J43: 17 | K43: 0 | M43: 0 | O43: =SMALL(E43:M43,COUNTIF(E43:M43,0)+1) -> 663000 | P43: 0 | Q43: 0 | R43: 0 | S43: 0 | T43: 0 | U43: 0 | V43: 0 | W43: 자재 39
A44: 5D30A596E47DBF53B3C459CCB9EC1C1740DE32 | B44: 철근콘크리트용봉강 | C44: 철근콘크리트용봉강, 이형봉강(SD350/400), HD-16, 지정장소도 | D44: TON | E44: 0 | G44: 660000 | H44: 49 | I44: 658000 | J44: 17 | K44: 0 | M44: 0 | O44: =SMALL(E44:M44,COUNTIF(E44:M44,0)+1) -> 658000 | P44: 0 | Q44: 0 | R44: 0 | S44: 0 | T44: 0 | U44: 0 | V44: 0 | W44: 자재 40
A45: 5D30A596E47DBF53B3C459CCB9EC1C159262B2 | B45: 철근콘크리트용봉강 | C45: 철근콘크리트용봉강, 이형봉강(SD500), SH-19, 지정장소도 | D45: TON | E45: 0 | G45: 690000 | H45: 49 | I45: 688000 | J45: 17 | K45: 0 | M45: 0 | O45: =SMALL(E45:M45,COUNTIF(E45:M45,0)+1) -> 688000 | P45: 0 | Q45: 0 | R45: 0 | S45: 0 | T45: 0 | U45: 0 | V45: 0 | W45: 자재 41
A46: 5D30A596E47DBF53B3C459CCB9EC1C1593093C | B46: 철근콘크리트용봉강 | C46: 철근콘크리트용봉강, 이형봉강(SD500), SH-22, 지정장소도 | D46: TON | E46: 0 | G46: 690000 | H46: 49 | I46: 688000 | J46: 17 | K46: 0 | M46: 0 | O46: =SMALL(E46:M46,COUNTIF(E46:M46,0)+1) -> 688000 | P46: 0 | Q46: 0 | R46: 0 | S46: 0 | T46: 0 | U46: 0 | V46: 0 | W46: 자재 42
A47: 5D30A596E47DBF41331850FF69C85AB13A893D | B47: 경량형강 | C47: 경량형강, 칼라C형강, 100*50*20, t3.2 | D47: TON | E47: 603000 | G47: 710000 | H47: 59 | I47: 670000 | J47: 24 | K47: 0 | M47: 0 | O47: =SMALL(E47:M47,COUNTIF(E47:M47,0)+1) -> 603000 | P47: 0 | Q47: 0 | R47: 0 | S47: 0 | T47: 0 | U47: 0 | V47: 0 | W47: 자재 43
A48: 5D30A596E47DBFB423EF5E9F990A18C955780C | B48: 철강채널 | C48: 철강채널, 100*50*5.0mm, 중형 | D48: TON | E48: 698493 | G48: 710000 | H48: 53 | I48: 738000 | J48: 22 | K48: 0 | M48: 0 | O48: =SMALL(E48:M48,COUNTIF(E48:M48,0)+1) -> 698493 | P48: 0 | Q48: 0 | R48: 0 | S48: 0 | T48: 0 | U48: 0 | V48: 0 | W48: 자재 44
A49: 5D30A596E47D83DD93B9541CA9D09A09B6FA23 | B49: 일반구조용압연강판 | C49: 일반구조용압연강판, 1.2mm | D49: kg | E49: 0 | G49: 725.6 | H49: 63 | I49: 0 | K49: 0 | M49: 0 | O49: =SMALL(E49:M49,COUNTIF(E49:M49,0)+1) -> 725.6 | P49: 0 | Q49: 0 | R49: 0 | S49: 0 | T49: 0 | U49: 0 | V49: 0 | W49: 자재 45
A50: 5D30A596E47D83DD93B9541CA9D09A09B6FA20 | B50: 일반구조용압연강판 | C50: 일반구조용압연강판, 1.4mm | D50: kg | E50: 0 | G50: 750 | H50: 63 | I50: 789.8 | J50: 26 | K50: 0 | M50: 0 | O50: =SMALL(E50:M50,COUNTIF(E50:M50,0)+1) -> 750 | P50: 0 | Q50: 0 | R50: 0 | S50: 0 | T50: 0 | U50: 0 | V50: 0 | W50: 자재 46
A51: 5D30A596E47D83DD93B9541CA9D09A09B6FA21 | B51: 일반구조용압연강판 | C51: 일반구조용압연강판, 1.6mm | D51: kg | E51: 682 | G51: 735.9 | H51: 63 | I51: 775.7 | J51: 26 | K51: 0 | M51: 0 | O51: =SMALL(E51:M51,COUNTIF(E51:M51,0)+1) -> 682 | P51: 0 | Q51: 0 | R51: 0 | S51: 0 | T51: 0 | U51: 0 | V51: 0 | W51: 자재 47
A52: 5D30A596E47D83DD93B9541CB9F1154C197B04 | B52: 일반구조용압연강판 | C52: 일반구조용압연강판, 9.0mm | D52: TON | E52: 678192 | G52: 725600 | H52: 63 | I52: 784400 | J52: 26 | K52: 0 | M52: 0 | O52: =SMALL(E52:M52,COUNTIF(E52:M52,0)+1) -> 678192 | P52: 0 | Q52: 0 | R52: 0 | S52: 0 | T52: 0 | U52: 0 | V52: 0 | W52: 자재 48
A53: 5D30A596E47D83DD93B85BED39C6FBBF01C652 | B53: 스테인리스강판 | C53: 스테인리스강판, STS304, 1.2mm | D53: kg | E53: 2856 | G53: 3200 | H53: 75 | I53: 3085 | J53: 36 | K53: 0 | M53: 0 | O53: =SMALL(E53:M53,COUNTIF(E53:M53,0)+1) -> 2856 | P53: 0 | Q53: 0 | R53: 0 | S53: 0 | T53: 0 | U53: 0 | V53: 0 | W53: 자재 49
A54: 5D30A596E47D83DD8393541279A17E3D7D18FC | B54: 폴리염화비닐지수판 | C54: 폴리염화비닐지수판, 200*5mm | D54: M | E54: 2500 | G54: 3800 | H54: 373 | I54: 0 | K54: 0 | M54: 0 | O54: =SMALL(E54:M54,COUNTIF(E54:M54,0)+1) -> 2500 | P54: 0 | Q54: 0 | R54: 0 | S54: 0 | T54: 0 | U54: 0 | V54: 0 | W54: 자재 50
A55: 5D30A596E47D83A0531B5DBDA9DE67974C78C3 | B55: 아연도금 | D55: kg | E55: 0 | G55: 0 | I55: 0 | K55: 0 | M55: 0 | O55: 0 | P55: 0 | Q55: 0 | R55: 0 | S55: 0 | T55: 0 | U55: 0 | V55: 0 | W55: 자재 51
A56: 5D30A596E47D9C46A3265ADA1905F08148E64D | B56: 스틸그레이팅,측구용(20T) | C56: I-50*5*3, 995*400 | D56: M2 | E56: 0 | G56: 186372.74 | H56: 241 | I56: 0 | K56: 0 | M56: 0 | O56: =SMALL(E56:M56,COUNTIF(E56:M56,0)+1) -> 186372.74 | P56: 0 | Q56: 0 | R56: 0 | S56: 0 | T56: 0 | U56: 0 | V56: 0 | W56: 자재 52
A57: 5D30A596E47D9C46A3265ADA1905F08148E2E7 | B57: 스틸그레이팅 | C57: 스틸그레이팅, 집배수용, I-50*5*3, 995*500(t14) | D57: M2 | E57: 0 | G57: 0 | I57: 0 | K57: 0 | M57: 0 | O57: 0 | P57: 0 | Q57: 0 | R57: 0 | S57: 0 | T57: 0 | U57: 0 | V57: 0 | W57: 자재 53
A58: 5D30A596E47D9C08F35350948923A30247EDCD | B58: 판재 | C58: 판재, 외송, 일반 | D58: M3 | E58: 410892 | G58: 502994.01 | H58: 152 | I58: 377544.91 | J58: 73 | K58: 0 | M58: 0 | O58: =SMALL(E58:M58,COUNTIF(E58:M58,0)+1) -> 377544.91 | P58: 0 | Q58: 0 | R58: 0 | S58: 0 | T58: 0 | U58: 0 | V58: 0 | W58: 자재 54
A59: 5D30A596E47D9C08637155CDD9303EA25B90F9 | B59: 각재 | C59: 각재, 외송 | D59: M3 | E59: 365375 | G59: 449101.79 | H59: 152 | I59: 377544.91 | J59: 73 | K59: 0 | M59: 0 | O59: =SMALL(E59:M59,COUNTIF(E59:M59,0)+1) -> 365375 | P59: 0 | Q59: 0 | R59: 0 | S59: 0 | T59: 0 | U59: 0 | V59: 0 | W59: 자재 55
A60: 5D30A596E57E03D31332518F09029776D15054 | B60: 레미콘 - 서울 | C60: 25-18-08 | D60: M3 | E60: 0 | G60: 67560 | H60: 115 | I60: 60984 | J60: 66 | K60: 0 | M60: 0 | O60: =SMALL(E60:M60,COUNTIF(E60:M60,0)+1) -> 60984 | P60: 0 | Q60: 0 | R60: 0 | S60: 0 | T60: 0 | U60: 0 | V60: 0 | W60: 자재 56
A61: 5D30A596E57E03D31332518F09029776D15310 | B61: 레미콘 - 서울 | C61: 25-18-12 | D61: M3 | E61: 0 | G61: 69190 | H61: 115 | I61: 62045 | J61: 66 | K61: 0 | M61: 0 | O61: =SMALL(E61:M61,COUNTIF(E61:M61,0)+1) -> 62045 | P61: 0 | Q61: 0 | R61: 0 | S61: 0 | T61: 0 | U61: 0 | V61: 0 | W61: 자재 57
A62: 5D30A596E57E03D31332518F09029776D1520A | B62: 레미콘 - 서울 | C62: 25-24-15 | D62: M3 | E62: 0 | G62: 76430 | H62: 115 | I62: 71723 | J62: 66 | K62: 0 | M62: 0 | O62: =SMALL(E62:M62,COUNTIF(E62:M62,0)+1) -> 71723 | P62: 0 | Q62: 0 | R62: 0 | S62: 0 | T62: 0 | U62: 0 | V62: 0 | W62: 자재 58
A63: 5D30A596E57E03ED836155FCE99A45F9B90591 | B63: 시멘트 | C63: 시멘트(별도) | D63: kg | E63: 0 | G63: 0 | I63: 0 | K63: 0 | M63: 0 | O63: 0 | P63: 0 | Q63: 0 | R63: 0 | S63: 0 | T63: 0 | U63: 0 | V63: 0 | W63: 자재 59 | X63: 별도
A64: 5D30A596E57E03ED836155FCE99A45F9B90592 | B64: 시멘트 | C64: 시멘트, 분공장도 | D64: 포 | E64: 0 | G64: 3800 | H64: 110 | I64: 3681.81 | J64: 62 | K64: 0 | M64: 0 | O64: =SMALL(E64:M64,COUNTIF(E64:M64,0)+1) -> 3681.81 | P64: 0 | Q64: 0 | R64: 0 | S64: 0 | T64: 0 | U64: 0 | V64: 0 | W64: 자재 60
A65: 5D30A596E57E03ED836155FCE99A45F9B90593 | B65: 시멘트 | C65: 시멘트, 분공장도 | D65: kg | E65: 0 | G65: 95 | H65: 110 | I65: 92.04 | J65: 62 | K65: 0 | M65: 0 | O65: =SMALL(E65:M65,COUNTIF(E65:M65,0)+1) -> 92.04 | P65: 0 | Q65: 0 | R65: 0 | S65: 0 | T65: 0 | U65: 0 | V65: 0 | W65: 자재 61
A66: 5D30A596E57E03ED836155FCE99A45FFCF99EE | B66: 타일시멘트 | C66: 타일시멘트, 압착용, 회색 | D66: kg | E66: 0 | G66: 236 | H66: 112 | I66: 200 | J66: 64 | K66: 0 | M66: 0 | O66: =SMALL(E66:M66,COUNTIF(E66:M66,0)+1) -> 200 | P66: 0 | Q66: 0 | R66: 0 | S66: 0 | T66: 0 | U66: 0 | V66: 0 | W66: 자재 62
A67: 5D30A596E57E03ED836155FCE99A45FFC02B78 | B67: 타일시멘트 | C67: 타일시멘트, 줄눈용, 백색 | D67: kg | E67: 0 | G67: 224 | H67: 112 | I67: 208 | J67: 64 | K67: 0 | M67: 0 | O67: =SMALL(E67:M67,COUNTIF(E67:M67,0)+1) -> 208 | P67: 0 | Q67: 0 | R67: 0 | S67: 0 | T67: 0 | U67: 0 | V67: 0 | W67: 자재 63
A68: 5D30A596E57E0307A3C25050D9718582D6257C | B68: 용접철망 | C68: 용접철망, 와이어메시, #8-150*150 | D68: M2 | E68: 0 | G68: 1900 | H68: 106 | I68: 2018 | J68: 58 | K68: 0 | M68: 0 | O68: =SMALL(E68:M68,COUNTIF(E68:M68,0)+1) -> 1900 | P68: 0 | Q68: 0 | R68: 0 | S68: 0 | T68: 0 | U68: 0 | V68: 0 | W68: 자재 64
A69: 5D30A596E6789689E3775E36B940AC885D6F9E | B69: 토목용부직포 | C69: 토목용부직포, 부직포, 장섬유 | D69: M2 | E69: 0 | G69: 900 | H69: 379 | I69: 0 | K69: 0 | M69: 0 | O69: =SMALL(E69:M69,COUNTIF(E69:M69,0)+1) -> 900 | P69: 0 | Q69: 0 | R69: 0 | S69: 0 | T69: 0 | U69: 0 | V69: 0 | W69: 자재 65
A70: 5D30A596E77AF570F3EE577B29DF4DAB142B03 | B70: 속빈콘크리트블록 | C70: 속빈시멘트블록, 190*190*390mm, 서울 | D70: 매 | E70: 0 | G70: 850 | H70: 539 | I70: 900 | J70: 374 | K70: 0 | M70: 0 | O70: =SMALL(E70:M70,COUNTIF(E70:M70,0)+1) -> 850 | P70: 0 | Q70: 0 | R70: 0 | S70: 0 | T70: 0 | U70: 0 | V70: 0 | W70: 자재 66
A71: 5D30A596E77AF54BA3855B24192D3BA927DC78 | B71: 콘크리트벽돌 | C71: 콘크리트벽돌, 190*57*90mm, 서울, C종2급 | D71: 매 | E71: 0 | G71: 70 | H71: 529 | I71: 70 | J71: 369 | K71: 0 | M71: 0 | O71: =SMALL(E71:M71,COUNTIF(E71:M71,0)+1) -> 70 | P71: 0 | Q71: 0 | R71: 0 | S71: 0 | T71: 0 | U71: 0 | V71: 0 | W71: 자재 67
A72: 5D30A596E77AF54BA3855B24090D434EE74CFF | B72: 콘크리트벽돌 | C72: 콘크리트벽돌, 190*57*90mm, C종2급 | D72: 매 | E72: 0 | G72: 0 | I72: 0 | K72: 0 | M72: 0 | O72: 0 | P72: 0 | Q72: 0 | R72: 0 | S72: 0 | T72: 0 | U72: 0 | V72: 0 | W72: 자재 68 | X72: 별도
A73: 5D30A596E77AF554135B5885F97E188B354F1F | B73: 자연석판석 | C73: 자연석판석, 물갈기, 25mm, 포천석판재 | D73: M2 | E73: 0 | G73: 0 | I73: 0 | K73: 0 | M73: 0 | O73: 0 | P73: 0 | Q73: 0 | R73: 0 | S73: 0 | T73: 0 | U73: 0 | V73: 0 | W73: 자재 69
A74: 5D30A596E77AF554135B5885F97E188B354F1C | B74: 자연석판석 | C74: 자연석판석, 물갈기, 30mm, 포천석판재 | D74: M2 | E74: 0 | G74: 51810 | H74: 545 | I74: 0 | K74: 0 | M74: 0 | O74: =SMALL(E74:M74,COUNTIF(E74:M74,0)+1) -> 51810 | P74: 0 | Q74: 0 | R74: 0 | S74: 0 | T74: 0 | U74: 0 | V74: 0 | W74: 자재 70
A75: 5D30A596E77AF554135B5885F97E188B354F12 | B75: 자연석판석 | C75: 자연석판석, 버너마감, 30mm, 포천석판재 | D75: M2 | E75: 0 | G75: 47850 | H75: 545 | I75: 47850 | J75: 377 | K75: 0 | M75: 0 | O75: =SMALL(E75:M75,COUNTIF(E75:M75,0)+1) -> 47850 | P75: 0 | Q75: 0 | R75: 0 | S75: 0 | T75: 0 | U75: 0 | V75: 0 | W75: 자재 71
A76: 5D30A596E77AF554135B5885E950C4F3D72D21 | B76: 자연석판석 | C76: 자연석판석, 물갈기, 40mm, 포천석판재 | D76: M2 | E76: 0 | G76: 0 | I76: 0 | K76: 0 | M76: 0 | O76: 0 | P76: 0 | Q76: 0 | R76: 0 | S76: 0 | T76: 0 | U76: 0 | V76: 0 | W76: 자재 72
A77: 5D30A596E77AF554135D5BA3695939D69F5213 | B77: 도기질타일 / 화장실 | D77: M2 | E77: 9000 | G77: 0 | I77: 12000 | J77: 379 | K77: 0 | M77: 0 | O77: =SMALL(E77:M77,COUNTIF(E77:M77,0)+1) -> 9000 | P77: 0 | Q77: 0 | R77: 0 | S77: 0 | T77: 0 | U77: 0 | V77: 0 | W77: 자재 73
A78: 5D30A596E77AF554135D5BA3695939D69F5210 | B78: 도기질타일 / 샤워실 | D78: M2 | E78: 9000 | G78: 0 | I78: 12000 | J78: 379 | K78: 0 | M78: 0 | O78: =SMALL(E78:M78,COUNTIF(E78:M78,0)+1) -> 9000 | P78: 0 | Q78: 0 | R78: 0 | S78: 0 | T78: 0 | U78: 0 | V78: 0 | W78: 자재 74
A79: 5D30A596E77AF554135D5BA3695939D69F5211 | B79: 도기질타일 / 다용도실 | D79: M2 | E79: 9000 | G79: 0 | I79: 12000 | J79: 379 | K79: 0 | M79: 0 | O79: =SMALL(E79:M79,COUNTIF(E79:M79,0)+1) -> 9000 | P79: 0 | Q79: 0 | R79: 0 | S79: 0 | T79: 0 | U79: 0 | V79: 0 | W79: 자재 75
A80: 5D30A596E77AF554135D5BA349A266D2DE7F46 | B80: 자기질타일 / 화장실 | D80: M2 | E80: 7200 | G80: 0 | I80: 0 | K80: 0 | M80: 0 | O80: =SMALL(E80:M80,COUNTIF(E80:M80,0)+1) -> 7200 | P80: 0 | Q80: 0 | R80: 0 | S80: 0 | T80: 0 | U80: 0 | V80: 0 | W80: 자재 76
A81: 5D30A596E77AF554135D5BA349A266D2DE7F47 | B81: 자기질타일 / 샤워실 | D81: M2 | E81: 7200 | G81: 0 | I81: 0 | K81: 0 | M81: 0 | O81: =SMALL(E81:M81,COUNTIF(E81:M81,0)+1) -> 7200 | P81: 0 | Q81: 0 | R81: 0 | S81: 0 | T81: 0 | U81: 0 | V81: 0 | W81: 자재 77
A82: 5D30A596E77AF554135D5BA349A266D2DE7F40 | B82: 자기질타일 / 다용도실 | D82: M2 | E82: 7200 | G82: 0 | I82: 0 | K82: 0 | M82: 0 | O82: =SMALL(E82:M82,COUNTIF(E82:M82,0)+1) -> 7200 | P82: 0 | Q82: 0 | R82: 0 | S82: 0 | T82: 0 | U82: 0 | V82: 0 | W82: 자재 78
A83: 5D30A596E077ED39A31F5480098F143AF2CE07 | B83: 압출발포폴리스티렌단열재 | C83: 압출발포폴리스티렌단열재, 압출, 0.03, 80mm | D83: M2 | E83: 9198 | G83: 12839.5 | H83: 684 | I83: 10592.59 | J83: 404 | K83: 0 | M83: 0 | O83: =SMALL(E83:M83,COUNTIF(E83:M83,0)+1) -> 9198 | P83: 0 | Q83: 0 | R83: 0 | S83: 0 | T83: 0 | U83: 0 | V83: 0 | W83: 자재 79
A84: 5D30A596E077ED39A31F5480098AA7F17A5B15 | B84: 압출발포폴리스티렌단열재 | C84: 압출발포폴리스티렌단열재, 압출, 0.03, 70mm | D84: M2 | E84: 8048 | G84: 11234.56 | H84: 684 | I84: 9271.6 | J84: 404 | K84: 0 | M84: 0 | O84: =SMALL(E84:M84,COUNTIF(E84:M84,0)+1) -> 8048 | P84: 0 | Q84: 0 | R84: 0 | S84: 0 | T84: 0 | U84: 0 | V84: 0 | W84: 자재 80
A85: 5D30A596E077ED39A31F54800988E8E0625544 | B85: 압출발포폴리스티렌단열재 | C85: 압출발포폴리스티렌단열재, 압출, 0.03, 110mm | D85: M2 | E85: 12647 | G85: 19592.59 | H85: 684 | I85: 14564.81 | J85: 404 | K85: 0 | M85: 0 | O85: =SMALL(E85:M85,COUNTIF(E85:M85,0)+1) -> 12647 | P85: 0 | Q85: 0 | R85: 0 | S85: 0 | T85: 0 | U85: 0 | V85: 0 | W85: 자재 81
A86: 5D30A596E077ED0CF3905BEC99A46326E71AED | B86: 퍼라이트 | C86: 퍼라이트, 뿜칠, 흑요석구상, 10mm | D86: M2 | E86: 0 | G86: 16000 | H86: 599 | I86: 16000 | J86: 396 | K86: 0 | M86: 0 | O86: =SMALL(E86:M86,COUNTIF(E86:M86,0)+1) -> 16000 | P86: 0 | Q86: 0 | R86: 0 | S86: 0 | T86: 0 | U86: 0 | V86: 0 | W86: 자재 82 | X86: 시공도
A87: 5D30A596E170750013B053D1F94AB07C3DB5C2 | B87: 루프드레인 | C87: 루프드레인, ISRD1610, 100mm | D87: 개 | E87: 50620 | G87: 0 | I87: 64750 | J87: 468 | K87: 0 | M87: 0 | O87: =SMALL(E87:M87,COUNTIF(E87:M87,0)+1) -> 50620 | P87: 0 | Q87: 0 | R87: 0 | S87: 0 | T87: 0 | U87: 0 | V87: 0 | W87: 자재 83
A88: 5D30A596E17075EE031A5B7969DFD5DD0618D0 | B88: 알루미늄 시트패널 | C88: 평판 t=3 불소수지 | D88: M2 | E88: 0 | G88: 0 | I88: 115000 | J88: 413 | K88: 0 | M88: 0 | O88: =SMALL(E88:M88,COUNTIF(E88:M88,0)+1) -> 115000 | P88: 0 | Q88: 0 | R88: 0 | S88: 0 | T88: 0 | U88: 0 | V88: 0 | W88: 자재 84 | X88: 시공도
A89: 5D30A596E272CB7193F951A5B93E35583A1CAB | B89: 종이벽지 | C89: 종이벽지, 초배지 | D89: M2 | E89: 141 | G89: 217.71 | H89: 675 | I89: 0 | K89: 0 | M89: 0 | O89: =SMALL(E89:M89,COUNTIF(E89:M89,0)+1) -> 141 | P89: 0 | Q89: 0 | R89: 0 | S89: 0 | T89: 0 | U89: 0 | V89: 0 | W89: 자재 85
A90: 5D30A596E272CB7193F951A5B93E35583A1CAD | B90: 비닐벽지 | C90: 비닐벽지, 실크형, A급 | D90: M2 | E90: 0 | G90: 1947.65 | H90: 675 | I90: 0 | K90: 0 | M90: 0 | O90: =SMALL(E90:M90,COUNTIF(E90:M90,0)+1) -> 1947.65 | P90: 0 | Q90: 0 | R90: 0 | S90: 0 | T90: 0 | U90: 0 | V90: 0 | W90: 자재 86
A91: 5D30A596E272CB7193F25E99E9AB01AB370511 | B91: 석고보드 | C91: 석고보드, 평보드, 9.5*900*1800mm(㎡) | D91: M2 | E91: 1920 | G91: 2098.76 | H91: 657 | I91: 1833.33 | J91: 418 | K91: 0 | M91: 0 | O91: =SMALL(E91:M91,COUNTIF(E91:M91,0)+1) -> 1833.33 | P91: 0 | Q91: 0 | R91: 0 | S91: 0 | T91: 0 | U91: 0 | V91: 0 | W91: 자재 87
A92: 5D30A596E272CB7193F25EAA599B24D4A9A7BED9 | B92: 석고보드 | C92: 12.5mm | D92: M2 | E92: 0 | G92: 0 | I92: 0 | K92: 0 | M92: 3480 | O92: =SMALL(E92:M92,COUNTIF(E92:M92,0)+1) -> 3480 | P92: 0 | Q92: 0 | R92: 0 | S92: 0 | T92: 0 | U92: 0 | V92: 0 | W92: 자재 88 | X92: 견적(KCC)
A93: 5D30A596E272CB7193F25EAA599B24A341A9C9DA | B93: C-RUNNER | C93: 152*40*0.8mm | D93: M | E93: 0 | G93: 0 | I93: 0 | K93: 0 | M93: 2340 | O93: =SMALL(E93:M93,COUNTIF(E93:M93,0)+1) -> 2340 | P93: 0 | Q93: 0 | R93: 0 | S93: 0 | T93: 0 | U93: 0 | V93: 0 | W93: 자재 89 | X93: 견적(KCC)
A94: 5D30A596E272CB7193F25EAA599B24A341A9CAFC | B94: C-STUD | C94: 150*45*0.8mm | D94: M | E94: 0 | G94: 0 | I94: 0 | K94: 0 | M94: 2630 | O94: =SMALL(E94:M94,COUNTIF(E94:M94,0)+1) -> 2630 | P94: 0 | Q94: 0 | R94: 0 | S94: 0 | T94: 0 | U94: 0 | V94: 0 | W94: 자재 90 | X94: 견적(KCC)
A95: 5D30A596E272CB7193F25EAA599B24A341A9CB | B95: RUMMER 고정용 핀 | C95: NK-27 | D95: EA | E95: 0 | G95: 0 | I95: 0 | K95: 0 | M95: 150 | O95: =SMALL(E95:M95,COUNTIF(E95:M95,0)+1) -> 150 | P95: 0 | Q95: 0 | R95: 0 | S95: 0 | T95: 0 | U95: 0 | V95: 0 | W95: 자재 91 | X95: 견적(KCC)
A96: 5D30A596E272CB7193F25EAA599B24A341A9CC | B96: 석고보드용 스크류 | C96: Φ3.5 * 32 | D96: EA | E96: 0 | G96: 0 | I96: 0 | K96: 0 | M96: 9 | O96: =SMALL(E96:M96,COUNTIF(E96:M96,0)+1) -> 9 | P96: 0 | Q96: 0 | R96: 0 | S96: 0 | T96: 0 | U96: 0 | V96: 0 | W96: 자재 92 | X96: 견적(KCC)
A97: 5D30A596E272CB7193F25EAA599B24A341A9CD | B97: 석고보드용 스크류 | C97: Φ3.5 * 40 | D97: EA | E97: 0 | G97: 0 | I97: 0 | K97: 0 | M97: 11 | O97: =SMALL(E97:M97,COUNTIF(E97:M97,0)+1) -> 11 | P97: 0 | Q97: 0 | R97: 0 | S97: 0 | T97: 0 | U97: 0 | V97: 0 | W97: 자재 93 | X97: 견적(KCC)
A98: 5D30A596E272CB7193F25EAA599B24A341A9CE | B98: 조인트 테이프 | D98: M | E98: 0 | G98: 0 | I98: 0 | K98: 0 | M98: 105 | O98: =SMALL(E98:M98,COUNTIF(E98:M98,0)+1) -> 105 | P98: 0 | Q98: 0 | R98: 0 | S98: 0 | T98: 0 | U98: 0 | V98: 0 | W98: 자재 94 | X98: 견적(KCC)
A99: 5D30A596E272CB7193F25EAA599B24A341A9CF | B99: 조인트 콤파운드 | D99: KG | E99: 0 | G99: 0 | I99: 0 | K99: 0 | M99: 800 | O99: =SMALL(E99:M99,COUNTIF(E99:M99,0)+1) -> 800 | P99: 0 | Q99: 0 | R99: 0 | S99: 0 | T99: 0 | U99: 0 | V99: 0 | W99: 자재 95 | X99: 견적(KCC)
A100: 5D30A596E272CB7193F25EAA599B24A341A9C0 | B100: 실란트 | C100: 300ml | D100: C/T | E100: 0 | G100: 0 | I100: 0 | K100: 0 | M100: 2520 | O100: =SMALL(E100:M100,COUNTIF(E100:M100,0)+1) -> 2520 | P100: 0 | Q100: 0 | R100: 0 | S100: 0 | T100: 0 | U100: 0 | V100: 0 | W100: 자재 96 | X100: 견적(KCC)
...

Sheet  공사설정 
A1: 이 Sheet는 수정하지 마십시요
A2: 공사구분 | B2: A | C2: 타이틀
A3: 확정내역 | B3: 원내역
A4: 자재단가적용 | B4: 5
A5: 경비단가적용 | B5: 5
A6: 품목코드형식 | B6: XXXX-XXXX-XXXXXXXXX
A7: 내역금액소수점처리 | B7: C | C7: T
A8: 일위대가내역소수점처리 | B8: C | C8: 2
A9: 단가명 | B9: 조달청가격 | C9: 거래가격 | D9: 유통물가 | E9: 조사가격1 | F9: 조사가격2 | G9: TTTTT
A10: 환율 | B10: 1157 | C10: 0 | D10: 0
A11: 시간당작업량 | B11: R | C11: 4
A12: 1회 사이클시간 | B12: R | C12: 4
A13: 시간당 작업사이클 | B13: R | C13: 3
A14: 일반변수 | B14: C | C14: 5
A15: 시간당 노임산출 계수 | B15: A | C15: 1/8*16/12*25/20 | D15: 1/8*16/12*25/20 | E15: 1/8*16/12*25/20 | F15: 1
A16: 재료비 할증 계수 | B16: 1.11 | C16: 1.12
A17: 노무비 할증 계수 | B17: 1 | C17: 1.5 | D17: 1.16 | E17: 1.6 | F17: 1.6 | G17: 1.6 | H17: 1.94 | I17: 1.94 | J17: 1.94 | K17: 1 | L17: 1 | M17: 1
A18: 경비 할증 계수 | B18: 1.25 | C18: 1.071
A19: 내역,일위대가 품명,규격,단위 따로적용
A20: 내역단가 소수점처리 | B20: C | C20: 1
A21: 코드 | B21: 공종구분명 | C21: 원가비목코드
A22: 1 | B22: 작 업 부 산 물 | C22: A3
A23: 2 | B23: 운 반 비 | C23: C1
A24: 3 | B24: 관 급 자 재 비 | C24: DJ
A25: 4 | B25: 사 급 자 재 비 | C25: D3
A26: 5 | B26: 외 자 재
A27: 6 | B27: 폐기물처리비
A28: 7 | B28: 도급자관급자재
A29: 8 | B29: 관급자관급자재
A30: 9 | B30: ...

Sheet Sheet1
